,2011,2012,2013,2014,2015,2016,2017,2018,2019,2020,2021,2022,2023,2024,2025,2026,2027,2028,2029,2030,2031,2032,2033,2034,2035,2036,2037,2038,2039,2040,2041,2042,2043,2044,2045,2046,2047,2048,2049,2050,2051,2052,2053,2054,2055,2056,2057,2058,2059,2060
demandDE-1,1.02,1.02,1.02,1.02,1.02,1.02,1.02,1.02,1.02,1.02,1.02,1.02,1.02,1.02,1.02,1.02,1.02,1.02,1.02,1.02,1.02,1.02,1.02,1.02,1.02,1.02,1.02,1.02,1.02,1.02,1.02,1.02,1.02,1.02,1.02,1.02,1.02,1.02,1.02,1.02,1.02,1.02,1.02,1.02,1.02,1.02,1.02,1.02,1.02,1.02
demandDE-2,1,1.0439194771,1.065521473,1.0822022264,1.1296698928,1.1587281956,1.1807827627,1.2184202504,1.2534722024,1.2449540115,1.2981348877,1.3302815722,1.3494082984,1.392815113,1.4041410014,1.4092013806,1.4065660631,1.4354077282,1.4675732588,1.5082124843,1.518709401,1.5637864922,1.6207142858,1.67805711,1.6904513028,1.7124673557,1.7395832825,1.7597030954,1.7853211412,1.8179042588,1.8410896915,1.8690665984,1.8855433609,1.9330462486,1.9551200591,2.0071141082,2.0673429469,2.137107202,2.1989094551,2.2567947314,2.3676973984,2.3763453959,2.3740659517,2.3712907324,2.3758194644,2.4840209765,2.5291094348,2.6409961805,2.740088352,2.7862840656
demandDE-3,1,1.0297311736,1.0731014602,1.0719930368,1.1001490109,1.1462750584,1.1885245885,1.218937333,1.2690852919,1.3079074373,1.2998267549,1.3185301597,1.3476167939,1.353680685,1.3513267205,1.3742734836,1.3828488357,1.3818607059,1.3836250225,1.4220427423,1.4798813331,1.5439358763,1.5690749595,1.5803433796,1.6218231088,1.6496016893,1.6985426585,1.7312099124,1.7196465984,1.7470522008,1.8061938115,1.8255645608,1.862782317,1.867829036,1.8922008943,1.9337275105,2.0039763979,2.0781136135,2.1099363296,2.1283997041,2.1332394312,2.1540376165,2.213600286,2.2559317105,2.3505059017,2.4099541066,2.4543146788,2.5029791665,2.5702548852,2.5885668945
demandDE-4,1,1.0137305956,1.0337797705,1.0537504641,1.0582356953,1.0967536797,1.1333721247,1.1430540809,1.1699195004,1.1972032713,1.1996450791,1.2305467012,1.2596587544,1.3060933894,1.3328589649,1.3726876816,1.398451154,1.4137272396,1.4201907616,1.4563105502,1.4658201524,1.503797449,1.5416998544,1.5900670485,1.6408194246,1.6676888449,1.696856084,1.7240440682,1.7577876104,1.810411926,1.8458465299,1.8793052998,1.9118936706,1.9482494262,1.9929220137,2.0414342397,2.0680892648,2.1181347433,2.1271563025,2.1208047213,2.1657059451,2.2535606631,2.2908986786,2.3563641845,2.4279691119,2.4213296156,2.4428498003,2.5238626032,2.6206725938,2.6852916881
demandDE-5,1,1.0208776457,1.0426969112,1.0629372603,1.086693282,1.0954809331,1.121241874,1.1575418102,1.2041521408,1.2073056328,1.2378801218,1.2648894685,1.3039199989,1.3186483433,1.3125466744,1.3020326159,1.3392185247,1.3872037421,1.3944333679,1.392336464,1.4359342445,1.4546804628,1.4754110351,1.5052909051,1.5313753092,1.5445584172,1.6017994481,1.5974744337,1.6480773609,1.6914878887,1.7666052328,1.8377896812,1.8903166538,1.9494326562,1.9569598827,1.9817862275,1.9821949672,2.0185927236,2.0564615138,2.0526982268,2.1256759371,2.1433586697,2.2254361781,2.2842140471,2.3218957652,2.3840533321,2.4360029518,2.4747467083,2.5228473134,2.5253798784
demandDE-6,1,1.0403987684,1.0473540905,1.0682561997,1.0900039871,1.1324491932,1.1693399567,1.1927276925,1.2046444755,1.238281794,1.2486013094,1.2876043162,1.2938043011,1.3445199795,1.3785617473,1.4350290426,1.4957369994,1.5347875842,1.5535102286,1.5899189371,1.6397755584,1.6623468071,1.6801405155,1.719110053,1.7227787827,1.7605776302,1.7690669733,1.7899969857,1.8348914503,1.9018054111,1.9367887778,1.9834895353,2.0017541669,2.0158123604,2.048373752,2.0917413812,2.0934977372,2.1493491002,2.1765214853,2.1975312721,2.2403664475,2.285913036,2.287004432,2.3322880727,2.3843621024,2.3957682235,2.4439497586,2.506041307,2.5929178683,2.6512975028
demandDE-7,1,1.0146000853,1.0196122776,1.0451855221,1.0414533075,1.0633735551,1.0853159503,1.0973934883,1.1089132054,1.124435325,1.1470616682,1.172072904,1.1957967334,1.2141340818,1.2489574757,1.2723739833,1.3088307752,1.3221570068,1.3113638197,1.3444741973,1.3609769079,1.4118057662,1.4234855905,1.4701576583,1.5179142434,1.5700283085,1.571090656,1.6076686379,1.6354148642,1.653488562,1.6975649208,1.7113185713,1.7325064747,1.7446003925,1.8008195147,1.8792636039,1.9110050007,1.9656176123,2.0166639814,2.0807272935,2.1068747032,2.1571876629,2.1995738292,2.2008193944,2.2545369948,2.3070947804,2.3172648151,2.3055364989,2.385065915,2.4248858779
demandDE-8,1,1.0182102461,1.0267532767,1.0616718791,1.0986233868,1.1263887966,1.1587621552,1.1805044256,1.1847469291,1.1982560917,1.2237160086,1.2440793166,1.2738405326,1.3187475933,1.3162705074,1.3375103808,1.3387370279,1.3549191614,1.3816607906,1.3869364023,1.4395900202,1.4636564349,1.4621296574,1.5090207822,1.5227767078,1.5555083418,1.5910147449,1.5986506921,1.6605944999,1.6688019142,1.6682872564,1.7206260179,1.7592185799,1.8256460215,1.8540136852,1.9053883242,1.9637019638,2.0013363503,2.068182944,2.1070917526,2.1636443755,2.2384502412,2.2780771966,2.3684321389,2.4016828289,2.4538647997,2.4898734166,2.5643679339,2.6523247663,2.676515167
demandDE-9,1,1.0254095468,1.0465003882,1.0633923897,1.063684838,1.0719235635,1.0960055769,1.1365030015,1.1817841936,1.2041216869,1.2204536931,1.2623927532,1.2888553724,1.3172230599,1.3592212393,1.3478480985,1.3853872431,1.4287789653,1.4346172965,1.446951148,1.471426775,1.4778421769,1.500114376,1.519990238,1.5532389431,1.5667238225,1.5987379766,1.645270127,1.6712104017,1.7115113411,1.7815714882,1.8086619749,1.8226162331,1.9008285111,1.940438481,2.0068209294,2.0782786614,2.1069085829,2.1431576409,2.1639662475,2.1922295103,2.2178889813,2.3182713174,2.3765539853,2.3958847266,2.4510441368,2.5480206879,2.5946753398,2.6092259972,2.7228070264
demandDE-10,1,1.0155079523,1.0445344485,1.0705762983,1.098079881,1.1011242687,1.1197212828,1.1378131206,1.1430316664,1.1572218464,1.1705050052,1.2089644549,1.247561817,1.27682189,1.3006418446,1.343494384,1.3699440313,1.4066747695,1.4120888527,1.4436048777,1.4888209574,1.5163283921,1.5194927668,1.5675096827,1.5886954204,1.6165800902,1.6497135493,1.69762719,1.7558112267,1.7806756814,1.8349723469,1.8600269565,1.9101506523,1.9261327245,1.9748062201,1.9963946862,2.03446127,2.0319009033,2.0810675732,2.1147323132,2.2003258296,2.2129426446,2.214517848,2.2660751308,2.2728882166,2.352970259,2.4337287099,2.4380365596,2.5207309784,2.5631870767
demandDE-11,1,1.0130014089,1.029811121,1.0496978192,1.0576614723,1.0810068701,1.1176508169,1.1453319872,1.1778978294,1.184958798,1.2245680228,1.2468283571,1.2812031733,1.2912919135,1.3201545369,1.3409305664,1.3554273929,1.3928967811,1.3950806585,1.4451278338,1.481138109,1.5155516795,1.5679517662,1.6238516285,1.6435291129,1.7072774456,1.7627432329,1.8097838282,1.8938402462,1.9166585965,1.9642057641,1.9899651792,2.0295063014,2.1156299735,2.1546560556,2.2128481959,2.2682124792,2.330272828,2.3514519961,2.3832130596,2.4423156361,2.4991787271,2.4934151003,2.5382559676,2.6428149298,2.6939220814,2.7188306273,2.8072888728,2.8315928558,2.8447741265
demandDE-12,1,1.0189119188,1.0379122133,1.0586128082,1.0691135315,1.0992317847,1.1387301219,1.1772937231,1.2028207771,1.2149258853,1.2250535073,1.2583265729,1.2647222552,1.3028589022,1.354269533,1.4190091305,1.4087832516,1.4711378223,1.4995029344,1.505131578,1.5421700965,1.5741669169,1.5849943484,1.616163724,1.638709362,1.7031378916,1.7413887613,1.7387432991,1.8196596097,1.8362618412,1.8523491086,1.868367137,1.9463318144,1.9623067747,2.0078207556,2.046265775,2.0826532921,2.1290123011,2.1617227456,2.2167452873,2.2546397375,2.2983863283,2.3323489454,2.357381151,2.3613482392,2.4003638447,2.4355094278,2.4701009683,2.5063523213,2.5855634489
demandDE-13,1,1.0281805817,1.0478140719,1.0576572482,1.0972703732,1.12658745,1.1447622545,1.1618871838,1.2083899841,1.2031683038,1.2230422447,1.245171383,1.2712186934,1.2942128408,1.3132680599,1.3499934723,1.3817332437,1.3939724283,1.4133545208,1.4471582508,1.4803799616,1.4944048389,1.5338300303,1.5620036297,1.6209047885,1.6822987323,1.7069893789,1.7447550216,1.7498379973,1.7995250691,1.8219167039,1.8881983351,1.9229427161,1.9613105338,1.9803881841,2.0675462256,2.1277477668,2.1381237881,2.1638776252,2.2017448273,2.2412082322,2.2691607229,2.3063290438,2.3943327525,2.4404881702,2.4472865155,2.4430316214,2.5154983794,2.6001936401,2.6167407501
demandDE-14,1,1.0057038546,1.0273859661,1.0245371024,1.0345401968,1.0672893635,1.110476863,1.1228941806,1.1420654041,1.1531725292,1.162367714,1.1809748363,1.2099222283,1.2446277176,1.2609548487,1.284113555,1.3133547153,1.3512290189,1.4026875111,1.4344771672,1.4459253425,1.4448492431,1.4501434131,1.4878267813,1.5246515133,1.553600203,1.5979454021,1.6151452002,1.6841150641,1.7237696141,1.7550435717,1.7859205095,1.8291820687,1.863476049,1.9123958511,1.9186127995,1.9515126887,2.0124068892,2.0210152688,2.0854608519,2.1116205904,2.1513512622,2.2088057577,2.2647900827,2.3234260427,2.3397640415,2.3774944877,2.4185805377,2.4938574752,2.4885281801
demandDE-15,1,1.0255233927,1.0456661721,1.0802494274,1.1311865335,1.1721900325,1.1962165061,1.2287214167,1.2233836879,1.2378669249,1.2488891461,1.2591940986,1.310735354,1.3458097961,1.3734423685,1.417007711,1.4399800297,1.47013664,1.5027187844,1.5110846681,1.5280210662,1.5451950038,1.6008391596,1.6267570501,1.6700550089,1.6790983136,1.6853786126,1.7119611616,1.7291993001,1.7532744457,1.7910675845,1.8419442721,1.9249176818,1.9326638065,1.9674456682,1.9788879256,2.0359749973,2.0927000906,2.1770061964,2.2402838209,2.2407970262,2.2659180122,2.2987112961,2.3514916007,2.3998255639,2.4569229107,2.4757676037,2.5741340292,2.5595047893,2.625007393
demandDE-16,1,1.0148366669,1.0365457994,1.0563435845,1.0717005895,1.0866245991,1.0932344386,1.1157674954,1.1222630529,1.1633242101,1.1631487472,1.1716358559,1.1651020981,1.1840448994,1.1930624519,1.2131801552,1.2442337538,1.2793613389,1.298748439,1.3124803661,1.3273391458,1.3511859699,1.3501212196,1.3568194557,1.3668719503,1.3570210207,1.3977398966,1.4504383569,1.4604135327,1.4830347442,1.4832335173,1.5390392986,1.5315690538,1.5707055177,1.5741465761,1.6093306975,1.6262242285,1.6516603013,1.6906043114,1.7033184497,1.7776565008,1.8254460459,1.8694504346,1.8854015568,1.9608426244,1.9943629795,2.060430511,2.1373959388,2.2106308722,2.2433835011
demandDE-17,1,1.016926614,1.0338109138,1.0709066359,1.0934515951,1.1435184038,1.1594901409,1.2061296338,1.2432370563,1.2624362579,1.2880980105,1.3028748134,1.3105300813,1.3536865773,1.4052473084,1.4199323343,1.4608741176,1.4993438171,1.5155064569,1.5474413802,1.5359558666,1.572246114,1.6054308655,1.6421882512,1.7094648181,1.734198238,1.7512037701,1.7917199662,1.8405458641,1.8835357937,1.9190685621,1.9642392099,1.9670616475,1.9910719926,2.0498247302,2.0712604251,2.1624000637,2.1618870262,2.2443684721,2.3277877675,2.392832317,2.4438216629,2.5091513831,2.5768498286,2.6907242433,2.7041511696,2.7551216068,2.8206679764,2.921235974,2.9998770205
demandDE-18,1,1.0178371491,1.026115569,1.030303459,1.053733471,1.0674665487,1.0607774889,1.087456521,1.1167142698,1.1122176178,1.1351942868,1.1568844807,1.1797800677,1.1832627255,1.2073372647,1.2424357304,1.2763491684,1.3147216849,1.3368868376,1.3632466291,1.3845297173,1.3954023288,1.4017819699,1.4448255865,1.4607514446,1.4917373015,1.5189652527,1.5388601309,1.5799268504,1.5999836396,1.6465616949,1.6719615318,1.6839059165,1.7040552885,1.709194592,1.7418433604,1.7458411435,1.783667393,1.8477506212,1.878376404,1.9193371001,2.0014386363,2.0566986771,2.0883414176,2.1143251453,2.1926657971,2.2571469135,2.2627098231,2.3584749176,2.3805684095
demandDE-19,1,1.0051995951,1.0239475218,1.0627346863,1.1017632714,1.1100658264,1.1487780043,1.1806999521,1.2369482234,1.2825585674,1.2900453969,1.3057487592,1.3651962397,1.3980054692,1.4348957165,1.4768522541,1.5334241729,1.5661205833,1.5763277492,1.6022140909,1.6781607752,1.7135218202,1.7692993882,1.8109905622,1.8628948508,1.9051117212,1.9218351129,1.9982229315,2.0505049097,2.0954964047,2.1345207179,2.1877603824,2.2330103029,2.2709435066,2.3127254544,2.4045794516,2.4311938839,2.4978500713,2.5525580391,2.6080406718,2.6902686775,2.7624234809,2.8383188328,2.839561018,2.9293215333,2.9173075397,2.9916882607,3.0201470409,3.1043297176,3.1640735706
demandDE-20,1,0.9986750127,1.0415151643,1.0421718357,1.075274472,1.0902243024,1.1228739184,1.1464653998,1.1659342509,1.1984620347,1.2295771684,1.2649036715,1.2641674419,1.2830089762,1.3187831121,1.3523745403,1.4075255018,1.4128478642,1.4183427747,1.445000027,1.4850105287,1.5300276635,1.5515157456,1.565053116,1.6304364061,1.6689882344,1.7066198575,1.7456820151,1.771823902,1.8298624186,1.8720912546,1.9167852398,1.9355346891,2.0175719383,2.039253501,2.1136282694,2.1897456829,2.2767868568,2.3235239518,2.3394690971,2.3960323088,2.3997386217,2.4590228849,2.5162270701,2.594489401,2.6610463059,2.7422101467,2.719892942,2.7676044475,2.878222797
demandDE-21,1,1.0036639505,1.0032506185,1.0204061068,1.0494232551,1.0878078769,1.1066508699,1.1262925819,1.1280577775,1.1483131422,1.181211298,1.2146237889,1.269343128,1.2826948647,1.2981824098,1.3272094618,1.3363799503,1.3517946634,1.3507083871,1.3774949698,1.4189973112,1.4550785306,1.5209491233,1.5631106405,1.5854726967,1.5946964741,1.620966819,1.6524718474,1.6479414192,1.6585173954,1.7128589183,1.7317634913,1.7172738542,1.7667654043,1.7701496854,1.7838405475,1.8304515394,1.8678776348,1.9240069915,1.9944890587,2.0078680741,2.0421802275,2.0755761188,2.1317025563,2.1759854339,2.2206178823,2.2629294138,2.310003911,2.3836196378,2.4045222308
demandDE-22,1,1.028450479,1.0594503322,1.0654887688,1.0735296167,1.0915791679,1.1199683712,1.1385185699,1.1882971162,1.1790966618,1.2358551687,1.2418913239,1.2831098672,1.301754227,1.3277139086,1.378765308,1.4259006766,1.4427938305,1.500728619,1.5312997981,1.561773704,1.6053685953,1.6491143348,1.7029518609,1.7440066357,1.8049081156,1.8337950518,1.8355461544,1.8375512573,1.8846413931,1.906671957,1.9086698348,1.948058198,1.9754872031,1.9848523946,2.0319661508,2.0718704222,2.0863130813,2.1701853074,2.2241061429,2.2614353705,2.3244877671,2.3553188167,2.4283497186,2.4689735998,2.4704570875,2.4809231745,2.5192862764,2.5814068963,2.6568885206
demandDE-23,1,1.0296368962,1.0469412926,1.05529276,1.059505269,1.072909338,1.1181261032,1.1582092528,1.2046169246,1.2373545929,1.2787776723,1.3238697426,1.3554472485,1.3905806528,1.4440208125,1.4572567011,1.4950732583,1.4972180291,1.5241794504,1.5363247326,1.5441892721,1.5645003573,1.6037532248,1.6321822064,1.6617905461,1.6777518941,1.7041361572,1.7526990577,1.7477134034,1.7765548843,1.8307195033,1.861217869,1.8692200178,1.8561878073,1.9322041032,1.962236923,1.9726719171,1.9796520118,2.018384866,2.0861773797,2.1649623653,2.1648817114,2.2243772452,2.2225652521,2.2813795911,2.2781517177,2.328015471,2.4149547069,2.4726426249,2.5060025888
demandDE-24,1,1.0276558665,1.0510639335,1.080585872,1.1104787277,1.1332981136,1.1393449416,1.1554079107,1.1687263134,1.1980762068,1.2113040407,1.2196520056,1.2549537655,1.2938361646,1.3267644223,1.3703227933,1.4252161946,1.4425090683,1.4836107123,1.4937882883,1.5008537353,1.5143010787,1.5350111172,1.5594764445,1.597373729,1.6303068609,1.6636855357,1.6947512812,1.743291887,1.8047925008,1.8876822408,1.909469039,1.9883972574,2.0603384314,2.1020840095,2.1651210941,2.2101111625,2.2660808651,2.3005974913,2.333333724,2.3514526261,2.4436789473,2.4977702977,2.5098440827,2.5065383014,2.5617904415,2.6099478152,2.7124478941,2.7624320175,2.79190287
demandDE-25,1,1.0135941103,1.037090726,1.06564038,1.0663099081,1.0801495202,1.0935539986,1.119629331,1.1200830659,1.1625285084,1.2019546044,1.238589904,1.2747852935,1.3117309,1.3353969195,1.383026466,1.4309596408,1.4333272397,1.4530562764,1.4948465942,1.5442915582,1.5961062621,1.614622393,1.6654908248,1.7116379156,1.7140558542,1.7893342135,1.7832045108,1.7991034437,1.8639678799,1.9509595788,1.9761623721,1.9657964015,2.0142255296,2.0791741898,2.1038152847,2.1422091539,2.1980738498,2.2306454321,2.3177137088,2.3139088835,2.3107966636,2.3674976401,2.4371020058,2.4943845706,2.4957760397,2.5318309189,2.5774566067,2.628402999,2.6638972943
demandDE-26,1,1.0261513115,1.0468714591,1.0506228578,1.0650770769,1.0995703745,1.1458439767,1.1544992522,1.182720804,1.2080347629,1.2452167483,1.2433380588,1.2656716357,1.3032143743,1.3260426007,1.3517695705,1.3606607458,1.3964564511,1.4056268004,1.4195132668,1.4469903866,1.4743325442,1.502014056,1.5446819192,1.5841320083,1.5969639499,1.6422274693,1.6815454005,1.7117381098,1.7021790707,1.7385746266,1.7487429273,1.7746367587,1.8054007741,1.8406339284,1.915891402,1.9597274652,2.0153086002,2.0961237713,2.1187384238,2.1497085219,2.2073259174,2.2508472359,2.2806449038,2.3205552754,2.3685857905,2.4470314655,2.502914387,2.5359774855,2.5673018172
demandDE-27,1,1.0043088036,1.0454098615,1.0565402196,1.0704370577,1.0974786325,1.1290693778,1.1537921317,1.1945689418,1.2320649498,1.2670164952,1.2663109063,1.3116002343,1.3447285405,1.393673771,1.4331182437,1.4575975152,1.4902113376,1.505634317,1.544214784,1.5359351155,1.6042604062,1.6314398898,1.674281486,1.6748285981,1.751390673,1.7837119147,1.817721325,1.8855124092,1.9059300139,1.9289726029,1.9133383132,1.960172255,1.9994218387,2.0151995363,2.0244578912,2.0968590674,2.187691603,2.2151924141,2.246317211,2.2592716052,2.2737746942,2.3669524386,2.4300599274,2.4514916086,2.5141921139,2.6137183451,2.6369996612,2.7118936147,2.7908591332
demandDE-28,1,1.0363584119,1.076921428,1.0931837529,1.1268232835,1.1563014582,1.166006551,1.1738210492,1.1901645411,1.2259266085,1.2535458534,1.2602673952,1.2539003831,1.2519421373,1.2849719281,1.296569507,1.3391835574,1.3537767229,1.3963550623,1.4413423064,1.4810906249,1.5052157711,1.5264480478,1.5343315799,1.5816423393,1.624109967,1.6687856035,1.7070587915,1.7221980506,1.7942175465,1.8505299799,1.9066237906,1.9579154061,1.98926486,2.0028815942,2.0527819773,2.0869046321,2.1248934837,2.1887481265,2.2550732782,2.2950134073,2.3480735097,2.3605311803,2.4061904914,2.4451275859,2.5178041359,2.5921677292,2.6324727604,2.6327874487,2.6465127657
demandDE-29,1,1.0226328002,1.0497622273,1.0807595169,1.0998906415,1.1011961057,1.1190956126,1.1394324128,1.1684348247,1.1816697082,1.2146384136,1.2539860934,1.2720918674,1.3216218109,1.3313144893,1.3662267142,1.421519909,1.4348651285,1.4257858598,1.4868107364,1.5272700948,1.584458341,1.6136757256,1.6418778822,1.6720438222,1.7365962234,1.7608023354,1.7693790988,1.7739729249,1.7929841588,1.8259421532,1.8569179016,1.9098358471,1.9358407152,2.0246066995,2.0365693888,2.0960669507,2.151226568,2.175869793,2.2226791562,2.2541225913,2.2910642576,2.3189106429,2.3653601717,2.454737256,2.4964674921,2.5363071891,2.5317530093,2.5650410445,2.6207654962
demandDE-30,1,1.0190554993,1.0624978346,1.081563901,1.0940400382,1.1140320175,1.1611699065,1.1622566868,1.181279394,1.1986827138,1.2183528946,1.2490756121,1.2733005954,1.2882613341,1.3242717925,1.3843426215,1.4224476085,1.4310830031,1.4707349842,1.4879698519,1.5072577868,1.5265304252,1.5581582066,1.5875560081,1.6328465151,1.6600026536,1.6972508991,1.7769598541,1.8570340851,1.8728353348,1.8913390766,1.923215827,1.9549719486,2.0211126304,2.0946944022,2.1765100449,2.1756908782,2.1673321715,2.2181471755,2.2767323595,2.2915409605,2.3243034749,2.3827419418,2.4293445741,2.5170441062,2.5418527404,2.6401508446,2.7003653802,2.7429263494,2.815428334
demandDE-31,1,1.0080360331,1.0259172595,1.0365821449,1.0514864015,1.0770579895,1.0965959622,1.1103364123,1.135503239,1.1587965844,1.1749801944,1.174935774,1.1985769008,1.223386878,1.2278289505,1.2253231768,1.2619087879,1.2832486602,1.2948132807,1.2999183248,1.3061534127,1.3504224185,1.3534680017,1.3817736254,1.4071012862,1.3959340983,1.4256093766,1.471274463,1.4877142491,1.5331731864,1.5570010337,1.5813035315,1.6339058552,1.65868824,1.7096655055,1.7422441683,1.7843343935,1.8020167265,1.8289488813,1.8321049717,1.8967010273,1.9675839768,2.0058066109,2.0658063228,2.1066836552,2.1111090305,2.1799238109,2.2257253198,2.2559016051,2.2880007668
demandDE-32,1,1.0326641472,1.0610033979,1.0629780812,1.0934459652,1.1168339622,1.1640896296,1.2111163819,1.2362972417,1.2760121054,1.2940420542,1.3371836891,1.3402656933,1.3634156999,1.4224070358,1.4706471608,1.4838409326,1.5206121109,1.527740693,1.5922745966,1.60979319,1.611838025,1.6791220383,1.7309384834,1.7440081093,1.7515993611,1.7822062897,1.7944248985,1.8429247487,1.8976791904,1.9613626597,2.0044748582,2.0231490713,2.1041201879,2.1295357851,2.1816157933,2.2731327105,2.3527632393,2.3518174647,2.3931832312,2.4622812524,2.5674740271,2.6643340321,2.7635482516,2.8443975505,2.8939386706,2.9734439457,3.0257658977,3.1019323195,3.1313162828
demandDE-33,1,1.0239764605,1.0528221783,1.0622546187,1.0973779405,1.112364377,1.1409106894,1.1863756353,1.2138500924,1.2356697397,1.2471646886,1.2973378497,1.3306512716,1.3641485464,1.3711927383,1.4155733689,1.4470785231,1.491573578,1.5400553129,1.5571148513,1.5852977405,1.660547515,1.6835226744,1.7035534577,1.7472761849,1.8197352734,1.8271631524,1.8706847624,1.8839973247,1.9241299602,1.9864483816,2.0535187285,2.0863763497,2.0830310854,2.1388965935,2.1914783872,2.2620879495,2.2662515487,2.3340624663,2.3791287312,2.4284743411,2.4964186227,2.5417001285,2.6005616966,2.7048519424,2.7551726331,2.8295232605,2.9420692994,3.009057552,3.0745493983
demandDE-34,1,1.0090864202,1.0345595173,1.0689615476,1.1047603717,1.1260493895,1.1346194245,1.1376060071,1.1528961263,1.1800772644,1.1939454555,1.20598024,1.2517792855,1.2495820259,1.2991912829,1.3333926597,1.3490913584,1.3650301885,1.4037836558,1.4548730707,1.4928487787,1.5302625707,1.5824435728,1.6145405452,1.6545777236,1.7045322809,1.7287910336,1.7590046416,1.7772857302,1.8634211803,1.900913648,1.925810571,1.9289417173,1.9810772441,2.0289366443,2.1081389435,2.1283644811,2.2054706294,2.2840899708,2.284227359,2.3347440609,2.3718771722,2.3497048159,2.4412669318,2.5398824338,2.6002813777,2.6551489398,2.7314508803,2.8195177999,2.8771081398
demandDE-35,1,1.0061252888,1.0226459135,1.0621170228,1.0914944431,1.1366559821,1.1607452436,1.1947728342,1.2301627492,1.2401663082,1.2685637908,1.2975720565,1.3503718771,1.3673699073,1.3798506429,1.3970414603,1.4127661336,1.4360752784,1.4612925358,1.4681162905,1.4964224919,1.4968913917,1.5264097279,1.5658455605,1.5975801473,1.617174858,1.6635593325,1.74398367,1.7914859006,1.8612010202,1.8980692272,1.9275184651,1.9753517799,2.0308431739,2.0478539055,2.1124121978,2.1335779024,2.1332922,2.1425852015,2.2060603285,2.2945237998,2.307078798,2.355741739,2.4302707878,2.4245198041,2.5012824063,2.5328087651,2.5346161875,2.6057048477,2.6544599596
demandDE-36,1,1.0138776222,1.0388074832,1.0668104619,1.1101305913,1.1447984414,1.162381812,1.1917442742,1.1968612944,1.2021782836,1.231587223,1.2477659421,1.2962976627,1.3164207598,1.3375059276,1.3513390773,1.3611339632,1.4027061956,1.4455267456,1.4949553852,1.5507472205,1.5795790353,1.5727844962,1.5716559532,1.6445942073,1.6556750474,1.6751301334,1.6969271337,1.7340939336,1.7368247378,1.7843793484,1.8252094988,1.8674296999,1.9037898448,1.929484694,1.953739945,1.97976952,2.0377373823,2.0685857375,2.0977013529,2.1455831327,2.1985167959,2.2406058321,2.3281854283,2.3782431069,2.3706231942,2.4026013355,2.3966338345,2.428873279,2.4439233051
demandDE-37,1,1.0101640569,1.0401440085,1.0900631272,1.1029543828,1.1219483154,1.1465445802,1.1530819069,1.1747694582,1.1972173081,1.2239802255,1.2479411922,1.3025615131,1.3099603179,1.3297485266,1.3713363201,1.4042719179,1.4139361881,1.4225073955,1.4538965295,1.4769534731,1.5181923096,1.5384157193,1.5555374188,1.6138765502,1.6363636926,1.6447694486,1.6657098967,1.7223554745,1.7376270015,1.7767232707,1.7647712701,1.7926572837,1.8347287515,1.8867450964,1.9238740885,1.9416932888,2.0172087257,2.0582668214,2.1062990529,2.1953639804,2.2244613956,2.2853815662,2.3025284185,2.3483307472,2.4167237786,2.528177498,2.5710481438,2.6155644255,2.6985903564
demandDE-38,1,1.034716135,1.0468434991,1.0747925784,1.1044375393,1.1137809759,1.124465605,1.1499685613,1.1938502589,1.2268927196,1.2609375132,1.302339993,1.3220565962,1.382979186,1.3924571628,1.4362559339,1.4879009847,1.5165577057,1.564775014,1.6115689779,1.6836778892,1.7385987894,1.7548601262,1.7613842817,1.784242055,1.7932500184,1.844993311,1.9022595895,1.9719162784,2.0042377226,2.0506929053,2.0718671533,2.0921998331,2.121048034,2.1796836813,2.1882095068,2.2646148986,2.3099540441,2.3380559776,2.3506265939,2.381520867,2.4324457497,2.4475347184,2.4443381759,2.5183772116,2.5725314041,2.5772086851,2.6236513083,2.6720002895,2.7417732255
demandDE-39,1,1.0358195632,1.052822834,1.0609061512,1.0632373982,1.0726827133,1.108024248,1.1445619482,1.1777525638,1.1923660632,1.199670774,1.2163005567,1.2613855007,1.2854944503,1.2859861342,1.3047942825,1.3433799817,1.3611188734,1.4053420483,1.4146924111,1.442992935,1.4858174714,1.5247704819,1.5500145111,1.5910319398,1.6443169841,1.6794294891,1.7096712779,1.7729903058,1.8268078511,1.8535953014,1.880622754,1.9475280656,1.9593975708,1.9924767288,2.0009746583,2.0065347224,2.0557573465,2.0800772121,2.1308116759,2.2007465105,2.2468697882,2.3061971545,2.3539978493,2.4521809365,2.4856429547,2.5261648896,2.5951631984,2.666303767,2.67768884
demandDE-40,1,1.0271175058,1.0503968972,1.0629185257,1.0991894338,1.1113137234,1.1323873984,1.1722642937,1.2005186176,1.219128292,1.2472800698,1.2701617148,1.2894265089,1.3143625539,1.346292629,1.3636283393,1.3953661985,1.4186716158,1.459096565,1.4912674532,1.482883744,1.4988494666,1.5183587039,1.529435428,1.5614117851,1.5914316997,1.6536796972,1.6651881436,1.712515627,1.7215654375,1.7488682083,1.7635563586,1.7999635513,1.8402032916,1.844966439,1.8507391208,1.8924090648,1.9366070805,1.9970330309,2.0540622261,2.132231572,2.2094604884,2.2153443313,2.2655578225,2.2856915647,2.3542121467,2.3478938767,2.3768265678,2.4782619787,2.532580756
demandDE-41,1,0.9953997756,1.0059056326,1.037860358,1.0619786106,1.0885634913,1.1187457075,1.1491748361,1.146407424,1.167498701,1.2180319599,1.2287899108,1.2210875698,1.2630643411,1.28661172,1.3046189569,1.3620919228,1.4015595854,1.4052984627,1.4188311346,1.4671982416,1.5096581022,1.5035855623,1.5039090561,1.5607866577,1.5566696226,1.5663114258,1.5984065366,1.6338445786,1.6622910656,1.7043786802,1.7318417329,1.761969113,1.8259345301,1.852275289,1.8424680209,1.8748324774,1.8986590291,1.9338400734,1.9542936595,1.9727782821,2.0226757002,2.056785895,2.1215212355,2.1544420053,2.2173341974,2.3043231766,2.3705632214,2.398958626,2.389098794
demandDE-42,1,1.012369254,1.0298122134,1.0339111339,1.0669630692,1.0840031136,1.0999823042,1.1005674206,1.1273296744,1.1445072342,1.1635849439,1.1691533903,1.1884548876,1.2084845537,1.24429482,1.2437274553,1.2417565182,1.2674618326,1.2758648244,1.2966006435,1.295794004,1.314041584,1.3633499215,1.36780889,1.3906242078,1.4253221148,1.4571067989,1.4599102146,1.4792593637,1.5336652682,1.5941052915,1.5798472455,1.6022527117,1.6119617721,1.650253521,1.666068922,1.6968259883,1.7453968531,1.7831630187,1.8108419034,1.8442141323,1.8376087756,1.9098834401,1.9016196803,1.9166965556,1.9167874131,2.0044399348,2.0448337627,2.0898292871,2.1205258326
demandDE-43,1,1.0157712893,1.0436129712,1.0510073307,1.0795857947,1.0870300672,1.1138870707,1.1303329999,1.1452108986,1.1417961379,1.1724118457,1.2038351097,1.2216240925,1.2541020769,1.2657930043,1.2995339488,1.3541162097,1.3962347961,1.4377904241,1.4796324634,1.5140425529,1.5813441144,1.6261904749,1.6879531885,1.7055824081,1.7486759517,1.7859819263,1.8351208093,1.8597970673,1.870955449,1.896437465,1.9070044734,1.9499426455,1.9391527719,1.9893807668,2.0219357657,2.0941305278,2.0963378909,2.1614592442,2.21165875,2.2422707401,2.2403864009,2.2524260137,2.2912234292,2.3800203325,2.4471926849,2.4717785501,2.5085459562,2.5499235683,2.6107038178
demandDE-44,1,1.0482246255,1.0682329555,1.0834766919,1.1045775942,1.1289712566,1.1421559087,1.1520945814,1.1746030301,1.2218865042,1.2206756394,1.256777439,1.296673496,1.3017965862,1.3411817668,1.3566229164,1.3964616122,1.4611103684,1.4733526568,1.5267942893,1.5389241947,1.5663697246,1.5914833642,1.6081278036,1.6327151034,1.6401559524,1.678649372,1.7181067721,1.7479938594,1.797077813,1.8434336748,1.9023483991,1.9441277548,2.0145037205,2.0242161913,2.0720472141,2.1079137936,2.1358930437,2.1619503874,2.1777425488,2.2011284324,2.2659879661,2.3564448822,2.4492380726,2.5214271008,2.607131448,2.657347829,2.7145932444,2.7182052913,2.8207699065
demandDE-45,1,1.0059531795,1.0352922812,1.0437657672,1.0458415669,1.0723222982,1.1065155573,1.1267835097,1.1504267567,1.1731362384,1.2016077413,1.2241818642,1.2273415329,1.2813523422,1.2993790568,1.3391025488,1.3620996764,1.3582830776,1.3823211103,1.3871941071,1.4260523271,1.4380123841,1.4770563452,1.4887293967,1.4943072666,1.5451922279,1.5983626919,1.635453608,1.6451406527,1.6583092165,1.736072449,1.7648203,1.8261999844,1.8665454449,1.8908607769,1.9227065045,1.9701328072,1.9965388298,2.0461550286,2.1293774826,2.1257859005,2.1804890488,2.2475755034,2.3156439606,2.3376282421,2.3986435457,2.4088377762,2.4402285595,2.4938107315,2.5511793251
demandDE-46,1,1.0313433691,1.0501929616,1.065678745,1.0841803022,1.1066764232,1.1277749016,1.1504309919,1.1859112175,1.2195870977,1.2347062072,1.2567034405,1.286854776,1.3283044254,1.3427534916,1.3702326391,1.4075265974,1.439261707,1.4697230871,1.5103333961,1.5481590266,1.5454873428,1.5798592584,1.6141324184,1.6321833453,1.7002922135,1.7418655983,1.7838371305,1.8141376316,1.8359830137,1.8432779312,1.8614074455,1.9372757057,1.9464159301,1.9882818799,2.0549872533,2.0987852353,2.1735737573,2.2076570508,2.2516364625,2.2914762129,2.3313689526,2.371514757,2.377852553,2.3756828764,2.4611552592,2.4433530345,2.5015548253,2.5658674502,2.5983961925
demandDE-47,1,0.9974518805,1.0093992955,1.0435486897,1.0684356585,1.1034937284,1.1144423128,1.1076628931,1.1511809387,1.1765721553,1.2131113672,1.2666344472,1.3047632764,1.335172796,1.3861208714,1.4053536786,1.4450602513,1.4416547557,1.4551021002,1.4728382421,1.4884506499,1.5052850565,1.5628520513,1.5939783965,1.646328085,1.6519733688,1.6724012813,1.6900695797,1.7456808042,1.7815394272,1.8267067457,1.894206831,1.9415640669,1.9585429616,2.0144208382,2.0267301206,2.0716787173,2.1172298054,2.1716881205,2.2214379485,2.2782380628,2.3331965415,2.3614608505,2.3627833853,2.3776503684,2.4494205225,2.4695967222,2.5200088646,2.5196281342,2.6013839413
demandDE-48,1,1.0118195803,1.034131836,1.0738984158,1.0906178063,1.1229478826,1.1707027006,1.1930451026,1.2212173901,1.2689130755,1.2922181388,1.344152319,1.3559973959,1.395525662,1.4198152844,1.4375458263,1.4904863105,1.5040787925,1.5212397009,1.55502952,1.5793600506,1.6222337348,1.643382585,1.6564195045,1.7233584714,1.7408217671,1.7873183874,1.8484487916,1.8842230297,1.9458624382,2.0075560172,2.072503122,2.1087574382,2.1525008931,2.216684522,2.2432103239,2.2615170519,2.2931998149,2.3860357924,2.4507471673,2.5456043029,2.572722964,2.6582752051,2.7045076338,2.7694724485,2.8762686383,2.9849645542,3.0737985243,3.1906050503,3.175939033
demandDE-49,1,1.0033154773,1.0249286592,1.0619700018,1.0742212262,1.0987884842,1.1121367661,1.1259165942,1.1456353207,1.1631593742,1.1997889875,1.2144637025,1.2463350616,1.2822140961,1.2871264071,1.2862134049,1.3389767672,1.3371516411,1.334561219,1.3763131422,1.4012649565,1.404150716,1.4426947709,1.4668722328,1.4682697619,1.5191636055,1.5834423065,1.6250113487,1.6501599158,1.6766289191,1.6995777348,1.7073326243,1.7127384328,1.7801976289,1.8437946485,1.8490660567,1.9136206542,1.9404755241,2.0045168664,2.0493359711,2.0854517395,2.1222739936,2.1587563879,2.1496170015,2.2115677857,2.2076059485,2.2073889673,2.2894143102,2.3195361579,2.3420252371
demandDE-50,1,1.0241684134,1.0463459866,1.0626861943,1.0737663791,1.0748058066,1.1050603428,1.13653969,1.1593485286,1.1894829431,1.2123617115,1.2393614425,1.2512303101,1.2614753807,1.3103426655,1.3507649569,1.4127837657,1.4630599954,1.4575743828,1.5213571833,1.5547741309,1.5792648339,1.6304909958,1.702433489,1.7429865477,1.7681532646,1.8047848762,1.7909529157,1.8416370317,1.846861858,1.8785638986,1.9585008644,2.0074411496,2.0725447193,2.1094097682,2.1523483518,2.2127710344,2.2750702597,2.3084015997,2.3568581658,2.4587539884,2.4887297853,2.497144044,2.5677629378,2.6544232226,2.7077652126,2.6998087439,2.7571990476,2.8508025157,2.8949462158
demandDE-51,1,1.021961333,1.0506431687,1.0754241682,1.0672361623,1.0976922473,1.1370768324,1.1609725602,1.1865870271,1.186805737,1.2408556088,1.276545935,1.3038801736,1.3331610442,1.3390334501,1.367827119,1.3991448357,1.4498538522,1.4633680961,1.4813685911,1.4831470195,1.5096579099,1.5163795914,1.5370953125,1.5740278949,1.6158332144,1.6637927926,1.7291664133,1.7518550321,1.7727032985,1.787189259,1.8454819975,1.8385890135,1.8310664012,1.8489563181,1.9311978779,1.973289095,2.0427965177,2.1103240322,2.1052869984,2.208354188,2.2560247175,2.3086625475,2.3367465697,2.4084253115,2.481063592,2.5951835965,2.6168021337,2.646004234,2.698033615
demandDE-52,1,1.0002706569,1.0258326076,1.0736849595,1.0908264851,1.0939889368,1.0976701807,1.0906640133,1.0947655892,1.1247333693,1.1632132804,1.160371226,1.1647004084,1.1734775501,1.2088629294,1.2535385313,1.2732676969,1.2779263024,1.3008618664,1.3539110688,1.3692419379,1.4208299093,1.4519433262,1.4783713961,1.5095914037,1.5299709002,1.5502528189,1.5577133613,1.586686966,1.6216543881,1.6446795705,1.6540000914,1.6794698015,1.7459473559,1.7712783588,1.8175145577,1.8511648962,1.9061824014,1.9092398575,1.9497344952,1.9651047184,1.9852232359,1.9807013109,2.0073153346,2.0272871314,2.0621649146,2.0841743733,2.1080175352,2.1460521953,2.2017127578
demandDE-53,1,1.032518254,1.0552242182,1.0687813117,1.0855241046,1.1138041277,1.1067419793,1.102127829,1.1268268713,1.1440978618,1.1597693994,1.1688483522,1.1923186337,1.2168172148,1.2359763191,1.2676244146,1.2972577664,1.3167802677,1.3554219697,1.3946437431,1.4165624474,1.437561804,1.4781243043,1.515792873,1.5544316451,1.6117644803,1.6331457808,1.6764928121,1.7128629564,1.7417555074,1.7558642657,1.7909439174,1.8411617544,1.8779522117,1.9412251592,1.9725049779,2.0037222396,2.0119679936,2.0341139448,2.0602641042,2.1236513752,2.1894782426,2.1939441192,2.2255746075,2.3275599628,2.4095634813,2.4870683863,2.4963034245,2.5508166732,2.5783208883
demandDE-54,1,1.0123904797,1.0188369887,1.023609591,1.040516531,1.0778616915,1.085475885,1.1220656169,1.1619639582,1.1765851483,1.182012806,1.2157032962,1.2513950234,1.2489507641,1.2580887281,1.2801161059,1.2908813581,1.3355743365,1.3610089702,1.3857804445,1.4015299379,1.446509183,1.5018420257,1.5264926139,1.5623853757,1.5978359841,1.6427636459,1.6747052098,1.6868052807,1.6738942552,1.7520945616,1.7565639992,1.8306147295,1.9126547482,1.9658213149,2.0084677792,2.0690501145,2.0986531126,2.1386655526,2.2083433584,2.2211694769,2.2778405685,2.3247885934,2.3756422271,2.4378126481,2.522558361,2.626982804,2.6838433905,2.7455194281,2.7639714874
demandDE-55,1,1.0210749562,1.0414081641,1.0443831572,1.0527184921,1.077159256,1.1003311774,1.1372667286,1.1521714101,1.1761145788,1.2172278619,1.2558680674,1.2793370927,1.3152875654,1.3527711647,1.3733476289,1.4301116541,1.4462651778,1.4689526713,1.4748444693,1.4843098805,1.4924821886,1.5191541668,1.539482328,1.5798673834,1.6027095195,1.65261721,1.7324395964,1.7588599996,1.829053607,1.8795465471,1.9015593342,1.9095903324,1.966089812,1.9782887698,2.0646185688,2.0969772102,2.1418507857,2.147321572,2.1703951638,2.2290288306,2.265456698,2.3153073252,2.3547955397,2.403711009,2.4164679154,2.4572165813,2.4397127005,2.4897580671,2.4969225798
demandDE-56,1,1.0099251089,1.0146218019,1.0405892499,1.0657337436,1.0720405698,1.0882962068,1.0989121289,1.123614283,1.1506709488,1.192873148,1.2365852372,1.2853832544,1.2943825814,1.3034537395,1.3029997457,1.3346058207,1.3683759876,1.4206439058,1.438604605,1.4713740849,1.5316998628,1.56632312,1.6294811897,1.6553064142,1.6703951425,1.7009403855,1.7391612279,1.7482702181,1.7954010268,1.8652976037,1.9198703771,1.9653075576,1.9747808516,2.0063852525,2.005221237,2.0251635231,2.0432629304,2.0601804018,2.1280673481,2.1253155002,2.2012371618,2.2439425722,2.3054685944,2.4014148972,2.483515293,2.516740282,2.5909532086,2.6288740272,2.6805720183
demandDE-57,1,1.0304135842,1.0740411224,1.0827056392,1.0973789058,1.1430303408,1.1531929355,1.1653809686,1.1886491002,1.2058464222,1.2273564805,1.2600681553,1.2847492578,1.2887652288,1.3097882269,1.3299295037,1.355579586,1.3636768581,1.3846785508,1.4114402032,1.4292977408,1.4499162173,1.5024463924,1.5312275422,1.552240237,1.5875465158,1.5962350852,1.6586305546,1.6916338069,1.7388102891,1.7710007247,1.8041434345,1.8208251988,1.852857349,1.8974283953,1.9527638107,1.9643883757,2.0013537608,2.0177589517,2.042808743,2.0859975674,2.1511832309,2.204258215,2.246161979,2.3001805159,2.3952430333,2.4869237292,2.5662589072,2.5667735281,2.6812525849
demandDE-58,1,1.0306768426,1.0483680005,1.0803375048,1.1260543171,1.1532539462,1.1950184289,1.2171883808,1.2203768869,1.2381618748,1.248502137,1.272371291,1.3174626735,1.3500756474,1.3526803739,1.3985718429,1.4598043963,1.5181140555,1.5540601069,1.6059977728,1.6282568647,1.6611240282,1.669276177,1.7101289901,1.7403738248,1.8017572653,1.8561253511,1.895213485,1.9215182423,1.9646041658,2.0078626927,1.9928723933,2.0102993424,2.0547132786,2.0911569615,2.1597286842,2.2240382518,2.2651750363,2.2874122133,2.3061149189,2.3436520035,2.3912351733,2.4239148674,2.4373666424,2.5134411361,2.5456069268,2.6213869439,2.6941818218,2.7761909991,2.8521190314
demandDE-59,1,1.0079481465,1.0470312511,1.0538293297,1.0630004237,1.0761536228,1.0939654316,1.1209333985,1.1317341457,1.1460379086,1.1607062411,1.1893211314,1.2155171247,1.2283657267,1.2753908218,1.2869047146,1.2981893221,1.3066490088,1.3196487783,1.3235074922,1.3284065976,1.3812917847,1.4311086822,1.4799471685,1.538683817,1.5576710601,1.5975788877,1.607936188,1.6496419678,1.7098290711,1.7738848134,1.8274744633,1.8634220814,1.8958782816,1.9004961385,1.9459463864,2.0295622433,2.0608634791,2.0641915961,2.0937810727,2.1312714032,2.2170274298,2.262165533,2.3243703943,2.4088181429,2.4650587405,2.5103203071,2.489298011,2.6106813452,2.6497740984
demandDE-60,1,1.0013807551,1.0374131149,1.0409974871,1.0723953542,1.0971504791,1.1100463255,1.1336803888,1.1728418589,1.2022355315,1.2377208856,1.2549852229,1.2789502163,1.30194781,1.3042881199,1.3236272067,1.357754676,1.4001605311,1.4056559286,1.438727045,1.4563842312,1.4505501877,1.4530953238,1.4645518667,1.5222461663,1.5457590034,1.5916469901,1.6640060684,1.6896663376,1.7212445347,1.7884227415,1.8485981022,1.9070456986,1.9432496323,1.9491097773,1.9921541745,2.0047637632,2.0422529556,2.0390972246,2.0729335867,2.1254803432,2.1980719653,2.2417346809,2.2928178307,2.3761367722,2.4023656895,2.4592794009,2.4608675202,2.5150136388,2.5590484572
demandDE-61,1,1.0158459684,1.0359392155,1.0576164138,1.0803165302,1.0950238467,1.1354935376,1.1657385586,1.1895718146,1.1837206624,1.2033510398,1.2103430094,1.2310842905,1.2549436234,1.3012931202,1.3269272075,1.3517272485,1.3569214701,1.3870934493,1.4265582492,1.4486575826,1.4808746675,1.5146850675,1.5033348406,1.514233086,1.5437129135,1.5571925458,1.596847324,1.6569405238,1.6635667787,1.714299982,1.7122090059,1.7428954235,1.7743486256,1.7843477674,1.8141840199,1.8729382069,1.8849487797,1.9200737532,1.9817052379,2.0392537314,2.1124925055,2.1881781149,2.2249747946,2.2720856137,2.3672979396,2.4060686975,2.4456717682,2.4857856344,2.5629404685
demandDE-62,1,1.04016239,1.0598343731,1.0888232837,1.0927553601,1.1184979023,1.1554071778,1.1843665657,1.222995761,1.2700412276,1.3040398487,1.3268566999,1.3635078638,1.3760349113,1.4237188431,1.4389015202,1.4563816629,1.4820537365,1.5138122408,1.5591518911,1.5686138594,1.5957254981,1.5994475259,1.6215198844,1.6554198965,1.7089875261,1.7340943648,1.7658648604,1.7924327556,1.815008052,1.838961735,1.9040366479,1.9419143321,1.9860740173,2.0664253474,2.1014169681,2.1411660611,2.2041090236,2.2180522944,2.2662248515,2.2865039577,2.3741080286,2.4391312276,2.4754512138,2.5621017473,2.61712942,2.6531447679,2.7533357081,2.8516446248,2.9300291215
demandDE-63,1,1.0102915115,1.0249049198,1.0400164146,1.0647420559,1.0742291224,1.0759491619,1.1045842209,1.1485405306,1.1857676296,1.2195590207,1.2186262439,1.2634509965,1.2953504618,1.3197892673,1.3415777377,1.3701465766,1.3970151199,1.4598757372,1.4742153039,1.5025860943,1.5160812918,1.5454250455,1.556345946,1.588899738,1.6185496201,1.6815094504,1.6975399642,1.7649757644,1.7659443252,1.784289313,1.8337188447,1.9155025249,1.9186542512,1.9341952548,1.9654506704,2.0418890308,2.1290400463,2.1565501491,2.175899456,2.2621310713,2.2898380086,2.3372204303,2.3709187956,2.4385371874,2.4470805739,2.4867631662,2.5471514485,2.5349733804,2.5494298049
demandDE-64,1,1.0066758516,1.0140682479,1.0265888089,1.04266255,1.0416359927,1.0901447907,1.1023963943,1.1047115568,1.1116797326,1.1260454204,1.1341633468,1.1675250524,1.2168505954,1.2220539591,1.2510685107,1.2698072007,1.2957766191,1.325415145,1.3335882203,1.3408347014,1.3751233146,1.4113230399,1.4219897665,1.4641686844,1.4680749274,1.509247723,1.5327011393,1.5723617374,1.6032707713,1.6165348591,1.659329112,1.6782985029,1.7319734334,1.8054745557,1.8552318167,1.8665360241,1.9108048091,1.9635317743,1.9956496637,2.0131500137,2.0697897955,2.1597077925,2.2152514937,2.2853281882,2.2796633559,2.3580993395,2.463996493,2.5451780025,2.6320914525
demandDE-65,1,1.0466426938,1.064961574,1.0771231261,1.1129586856,1.1354693879,1.1400259909,1.1819163256,1.2006441284,1.240548739,1.2789842325,1.2919368147,1.3426035178,1.3625887788,1.3812990063,1.4183924591,1.4302950906,1.4821931365,1.5385252316,1.5807717674,1.6514475962,1.7153668391,1.7386002524,1.7312887445,1.7688872487,1.8015287537,1.8200016836,1.8370908686,1.8354488353,1.8922561454,1.9581932623,1.9625390749,2.0288494185,2.1110540208,2.1338339266,2.2147709375,2.248093517,2.3096453083,2.3216169677,2.3771433513,2.4320063836,2.4556934004,2.4869305724,2.5447157188,2.5952362806,2.6593173793,2.7087231411,2.7965152193,2.8693047224,2.917032995
demandDE-66,1,1.0188124784,1.056537528,1.0948489571,1.1041479,1.1132631828,1.1214035644,1.1636006042,1.1865534846,1.2327198488,1.2617594772,1.2972665309,1.3061986306,1.3316797728,1.3639876996,1.4113295298,1.4401536826,1.4781610559,1.5092308065,1.5243727279,1.5589894043,1.5785665863,1.5967595976,1.5898995308,1.6365384244,1.6851133928,1.7241380717,1.7718462292,1.7875829343,1.820272213,1.8181360433,1.8491752768,1.9095817842,1.950784371,1.9935415467,1.9976719298,2.0441708775,2.077226756,2.0776220551,2.1413272484,2.1923750792,2.2340210148,2.2316663312,2.3041276349,2.3797329844,2.4248602611,2.4599725143,2.5453029446,2.6514245801,2.7491283049
demandDE-67,1,1.0108786544,1.0208552065,1.0384003554,1.072828674,1.1072241961,1.1268289054,1.1581309715,1.2029144658,1.2263844537,1.2586570356,1.2627369905,1.2866431002,1.3161976936,1.3446110899,1.3750010687,1.406159445,1.426849891,1.4589696619,1.4532376969,1.4912958274,1.553861099,1.5828032208,1.6103407836,1.6007461361,1.6155847822,1.6276967656,1.6469440795,1.6849797847,1.7005296594,1.7696342347,1.8230258019,1.842380241,1.8650623394,1.9267560295,1.9811414643,2.029849022,2.0623457246,2.1256936062,2.1353562265,2.1534451785,2.1940314292,2.2437021433,2.2461541681,2.3538844945,2.4351464261,2.4952176,2.4770143996,2.4918625137,2.5478045371
demandDE-68,1,1.0012459538,1.0383003589,1.0502038896,1.0856267328,1.1196279653,1.1430313873,1.1631937846,1.1997664974,1.2006086688,1.2579694119,1.2803090946,1.2988857328,1.3064877408,1.3339894719,1.3534790301,1.3760280687,1.4242418129,1.4374580378,1.4416830035,1.4986701087,1.5455108026,1.5880580666,1.6254134408,1.6453180775,1.6693338327,1.7433676005,1.7558885033,1.7801824612,1.8198765086,1.8265832426,1.8660371314,1.9115603072,1.9528275576,2.0033429583,2.0468609515,2.0860533896,2.1160641182,2.1583093958,2.2322670344,2.3282867463,2.395749367,2.4470545496,2.4658861931,2.4793642379,2.538509368,2.5731736451,2.6374353172,2.7431164004,2.7386789795
demandDE-69,1,1.018407412,1.0176018857,1.0621656255,1.0562939167,1.0783739444,1.1030691203,1.126512279,1.1335574454,1.1479602521,1.1837697542,1.2167297118,1.2429490486,1.2913282049,1.3187707956,1.3424247588,1.3803439066,1.3843772125,1.4095277149,1.4724366622,1.5197624162,1.5574556029,1.5746147873,1.619906548,1.6437046841,1.6716132349,1.6943333061,1.7164860555,1.7621450626,1.7653333503,1.7780315915,1.8010478541,1.8482091373,1.8585811216,1.9182948291,1.9335319623,1.9447225601,1.9647354416,2.0478698859,2.0477257866,2.1012005487,2.157054595,2.2173077243,2.2973361802,2.3688921785,2.4708160487,2.53280529,2.5618074443,2.5798457947,2.6019676636
demandDE-70,1,1.0023801393,1.0300983467,1.0500347997,1.0926431123,1.1071561556,1.1365959146,1.19111719,1.2302866005,1.2492262906,1.2756221046,1.3127673278,1.3376432945,1.3612522925,1.3915343473,1.4462751411,1.4842152893,1.5483573845,1.592851551,1.6456459227,1.6694179708,1.7076549049,1.7618668904,1.8076816677,1.8578075876,1.9103556338,1.9859783867,2.0495865311,2.0772420789,2.1188436982,2.185254982,2.251012118,2.2692112897,2.3187791562,2.3695315439,2.413641104,2.4191757579,2.4684734309,2.5530044214,2.622787981,2.6987173784,2.7177102704,2.7196723497,2.7893463577,2.8132294488,2.9004733751,2.9395943174,3.0001788594,3.1397972301,3.2357468456
demandDE-71,1,1.0277774617,1.0463713699,1.0701078419,1.0946834553,1.1278840129,1.1330114069,1.1341083805,1.1591847691,1.1853406163,1.2170235431,1.2579282516,1.2782558463,1.2867536992,1.3190388392,1.3504280891,1.3552645501,1.3762131059,1.4399371083,1.4391515787,1.4885822674,1.5035183153,1.5252958404,1.5727441169,1.6009751929,1.6149150121,1.6166935584,1.6493550634,1.7170959016,1.7605839117,1.8086099266,1.8804463626,1.903367876,1.933441916,1.9622448841,2.016906297,2.0320707051,2.0512119517,2.0570350098,2.0824683168,2.1153467813,2.1883607221,2.2143056878,2.2004967619,2.2125231667,2.2809383965,2.2862911103,2.3479063698,2.3901179853,2.4579048698
demandDE-72,1,1.0114648112,1.0264794454,1.0368699663,1.0603463791,1.0901016128,1.0970347561,1.1228444634,1.122158879,1.1450945915,1.1947670283,1.2450558273,1.2903097624,1.3281978886,1.3361920707,1.3527866588,1.3861485448,1.3994918103,1.4467493499,1.4816091109,1.5214838145,1.5749759738,1.6096085287,1.6025406764,1.6537209498,1.6700169757,1.7396232855,1.7687295774,1.8083467251,1.8740399423,1.902931076,1.9200587386,1.967150114,2.0287945542,2.0622979903,2.0859714176,2.1417991916,2.2343160332,2.2690591654,2.3214138934,2.4001061362,2.4139258163,2.4831351317,2.5364152315,2.5925250674,2.6074911504,2.6148585604,2.6797992553,2.7614708743,2.7728425174
demandDE-73,1,1.0171736317,1.0544907575,1.0794206891,1.0993689272,1.1247181485,1.1423279011,1.1717280084,1.1943796588,1.2076749015,1.2487576082,1.2784283127,1.3243719092,1.3824131892,1.4040245094,1.401305689,1.4239780369,1.4729115003,1.4720307721,1.4881730479,1.520297137,1.5680399341,1.6050944571,1.6677227509,1.6967927991,1.7049413098,1.7534497296,1.7619945131,1.780424823,1.8067461988,1.8424240306,1.8659679498,1.9113146146,1.9890837482,2.0138232207,2.0857556508,2.1598379929,2.173618769,2.2563898357,2.3033281119,2.3528427678,2.3552617269,2.4353094713,2.4780863997,2.5912656358,2.6661652541,2.6731273901,2.7076352628,2.7852217565,2.824058972
demandDE-74,1,1.0288810262,1.0279923247,1.0556450574,1.088268628,1.0826777387,1.0907473753,1.1112762192,1.1457804297,1.1830709656,1.2110199114,1.2223008855,1.2596137313,1.2794067725,1.3141959031,1.3601092804,1.3711032584,1.4048816084,1.4366857387,1.5005932874,1.5012752519,1.5420298751,1.5639857966,1.5955660904,1.6159512278,1.6695203627,1.6934719855,1.70660713,1.7466486019,1.758942973,1.7808604979,1.774583986,1.8171788705,1.8481056417,1.9129594731,1.9717694598,2.0315447534,2.1144642727,2.1565467681,2.2236875847,2.2669065791,2.284962845,2.3071232937,2.3603559831,2.4468336541,2.4686860571,2.5362691611,2.6122997162,2.5960157614,2.6857317951
demandDE-75,1,1.0342578193,1.0657469859,1.1157258672,1.1323788265,1.161349255,1.1929175988,1.1921149506,1.2089708197,1.2215307268,1.2761969183,1.3093575966,1.3302534655,1.3560690277,1.3831572027,1.4135543317,1.426505039,1.4473549913,1.5048054955,1.5334442354,1.5729143355,1.6185834968,1.6835893568,1.7198056836,1.7419586135,1.7718362243,1.7615100026,1.8099551454,1.8122756276,1.8200609178,1.8190512056,1.8878777079,1.933212496,1.9285416887,2.0209104405,2.1016741666,2.1225948602,2.1211386735,2.1654252187,2.2085610684,2.2938314039,2.3771480853,2.4036250594,2.4082000778,2.4625023255,2.5196949302,2.5608846625,2.6340567783,2.6434870667,2.6321827373
demandDE-76,1,1.0110787747,1.0222527829,1.0286627133,1.0491438562,1.0781174261,1.1200503367,1.1181958768,1.1575670801,1.1912266384,1.2250123504,1.2595612879,1.2703876426,1.2885763818,1.2903493909,1.3307963037,1.3613897102,1.3818157846,1.4116501252,1.4525084466,1.4675551412,1.4637293874,1.4945308306,1.5085846917,1.537190304,1.606672512,1.6266605846,1.6736483603,1.7240283534,1.7231798906,1.7449392806,1.7775770582,1.8248796325,1.8571398077,1.8852810672,1.9198113868,1.9595044659,2.0532464693,2.0946453245,2.120176263,2.1511136647,2.2443068593,2.2258690695,2.2843054616,2.3079930889,2.3440474879,2.4328660102,2.5007708192,2.5760258806,2.6638128144
demandDE-77,1,0.9983712996,1.0267148245,1.040393662,1.0779056286,1.1067876209,1.1245307583,1.1624000268,1.1795272368,1.1995812908,1.2170546918,1.2448203639,1.2536116375,1.2745077833,1.3052339283,1.3448100751,1.3699618082,1.4183228601,1.4160439206,1.4631537738,1.5200383561,1.5262525112,1.5357966503,1.5856631054,1.6190163537,1.6743038269,1.6916609789,1.7093644198,1.7485649597,1.7542284746,1.7871365201,1.8615912258,1.9390444685,1.9808927617,2.0274769174,2.0193089897,2.0898893775,2.1129012013,2.1955471244,2.2623082261,2.3226022568,2.4133131032,2.4759460275,2.5239327856,2.5480086352,2.5958413994,2.6189743537,2.7279283099,2.8125275958,2.9312169479
demandDE-78,1,1.0302121882,1.06440905,1.087326436,1.0820282241,1.1130311937,1.1202897552,1.1411882883,1.1830705088,1.2118485295,1.2624878227,1.2740283076,1.3337845283,1.355552037,1.3689478564,1.4039129003,1.4411208046,1.4699839066,1.4891279187,1.52457914,1.5649836192,1.5886116092,1.6207251179,1.658117713,1.6881977997,1.7091777105,1.7137941097,1.7476463676,1.802629465,1.8148533009,1.8613061433,1.9124879963,1.9137482693,1.9766239493,1.9807489632,1.9905892464,2.0262835932,2.0657819167,2.105794108,2.1447065526,2.1494004408,2.2018095869,2.2121156233,2.2543245291,2.3188360993,2.3281880115,2.3963758171,2.4385658007,2.498375064,2.5461102966
demandDE-79,1,1.0121295507,1.0425456701,1.0674898845,1.0890648001,1.1168280512,1.1403896655,1.1615771047,1.1989640215,1.2326184923,1.2582378247,1.2761727295,1.2813491246,1.2793372057,1.303365839,1.35421802,1.3502341865,1.3483707982,1.3636642216,1.4181360621,1.4842795317,1.5007328252,1.5097622681,1.5456343621,1.5593803074,1.58474305,1.5902073154,1.6312621207,1.66496328,1.6731310399,1.7454274571,1.8174094142,1.8272041441,1.8791693339,1.9176869514,1.9907272705,2.0578817957,2.1042308441,2.1480377035,2.1993534266,2.2268780466,2.2298302631,2.2753361596,2.3042200454,2.3182559541,2.4111104653,2.4411931878,2.4661230487,2.4902289069,2.513644273
demandDE-80,1,1.0179992448,1.042928889,1.0424120362,1.0449980186,1.0942023452,1.1228694449,1.1251233083,1.1605115566,1.1705244358,1.1634746099,1.1682125598,1.2159773774,1.2229443694,1.2393112864,1.251341759,1.2547898152,1.3004231575,1.3195735351,1.3280957082,1.3540773636,1.3735606279,1.3933257129,1.4036603626,1.4283989428,1.4631132664,1.4871211123,1.4934250849,1.5065423493,1.5371444828,1.5707232389,1.5982412233,1.6280328514,1.6850456006,1.7200143052,1.7421055489,1.7452786251,1.8187910353,1.8397292369,1.8872670214,1.90709033,1.9479266216,1.9993451763,2.0313416432,2.0836780504,2.0976097168,2.1869549459,2.2671286982,2.3187071166,2.3516544009
demandDE-81,1,0.9994309373,1.0228938491,1.062326653,1.1061141103,1.1486060009,1.1940254537,1.1970604461,1.2278869288,1.2384924656,1.2399616953,1.2533378642,1.2950450918,1.3352928419,1.3770367099,1.3814344455,1.4399619108,1.4453658197,1.4901092127,1.5001382639,1.5055178431,1.523464134,1.5444259822,1.6007841015,1.6315635765,1.6744223068,1.7237863273,1.7580411639,1.8052999811,1.8798416634,1.9018779222,1.9367170228,1.9951059742,2.061274576,2.0997624667,2.1810571437,2.2217603843,2.247157143,2.2809362465,2.3352138475,2.3784846745,2.4676009894,2.5234600128,2.5727125092,2.5786974516,2.641917333,2.7103726349,2.7802791453,2.8961932511,2.9553973004
demandDE-82,1,1.0234552128,1.0478954138,1.0563171504,1.0748104596,1.0895381744,1.1224219964,1.1519343236,1.1629927405,1.1616126999,1.1970890054,1.216205503,1.2419324344,1.2581478157,1.2545211493,1.2812111798,1.3368308619,1.3516179171,1.3641498449,1.3555495535,1.403502147,1.4535190999,1.4678635116,1.5157465544,1.5500854673,1.5412153753,1.5628104263,1.5828923322,1.6346478155,1.6741675297,1.6855225164,1.7407578941,1.7490263854,1.7812825035,1.8007144335,1.8459959902,1.9047318617,1.9189367935,1.958608187,1.9766096551,2.0023183403,2.0517395684,2.0983943584,2.144902761,2.1322678459,2.1292057349,2.1426250962,2.2057542582,2.2469795987,2.3142865274
demandDE-83,1,1.0233012925,1.0271746859,1.0540213522,1.0753445467,1.101122033,1.1053944277,1.1146858764,1.1294264221,1.1512956496,1.1971962286,1.2055162526,1.2303269009,1.2654736261,1.2631898117,1.2764737258,1.2978953173,1.3207295022,1.3305131417,1.3497294538,1.3844784812,1.4038007408,1.4150723538,1.441150542,1.5083992293,1.5610337031,1.5997386457,1.5904731478,1.6134069611,1.6582941142,1.6915990438,1.6802434044,1.719645016,1.7091226692,1.7437683355,1.7760055651,1.784451945,1.8356401207,1.909148852,1.9270594765,1.9524115575,1.9873297588,1.9860893012,1.9945842987,2.0290250529,2.035406001,2.0604780413,2.093044449,2.1240787979,2.1528561675
demandDE-84,1,1.0210321833,1.0453216977,1.0692337261,1.0918615782,1.132226041,1.1418678782,1.1566241655,1.1721431957,1.1998844173,1.2394142385,1.2801098487,1.33784507,1.3685129764,1.3882538566,1.4298497963,1.4514419359,1.4571615803,1.4649216115,1.4809400036,1.5158125878,1.5259609171,1.5499955432,1.5803308089,1.6382099778,1.6634541575,1.7024806219,1.7633072697,1.817896339,1.8799256348,1.919412098,1.9343689804,1.9768457524,1.9843586558,2.053119438,2.0985587565,2.1540637158,2.2154399077,2.2895132898,2.378359291,2.4065511757,2.4944310352,2.5239597023,2.5686652083,2.6174400569,2.6776126911,2.7418756109,2.8253337256,2.8726049438,2.9946774786
demandDE-85,1,1.0167820352,1.0276624933,1.0454069483,1.0806003206,1.0765625259,1.0910108969,1.1277431393,1.1477298274,1.1558122221,1.1992095854,1.2365287888,1.2843558996,1.3248994224,1.3485422945,1.3809463911,1.4142441489,1.4599360107,1.5038345936,1.5635255696,1.6175388342,1.6886037751,1.7297141289,1.7588602937,1.8089360003,1.8253912851,1.8322494966,1.8422120734,1.8757304809,1.9372276076,2.0082067864,2.0365477668,2.065470937,2.1141981288,2.1751154961,2.2120284479,2.3033268442,2.3448827496,2.3797418614,2.4900330129,2.5631920149,2.6323238782,2.6592537073,2.6678767721,2.741951194,2.801195318,2.8913667174,2.9385889436,3.0329785702,3.0584574577
demandDE-86,1,1.0107905391,1.0140555471,1.022498697,1.049443823,1.0898500445,1.1167857534,1.1341812376,1.1730843924,1.1716255599,1.2146764986,1.2393786297,1.2582709929,1.3183968996,1.3315790065,1.3230755824,1.3434507408,1.3634221585,1.418885531,1.4515395433,1.4693073778,1.510503561,1.5610109855,1.601684743,1.646904874,1.6635723472,1.6994830755,1.7419205098,1.80479619,1.839578435,1.8734568333,1.9266267477,1.9718660901,1.9763501442,1.9751215265,1.9785603287,2.0208017711,2.0381647411,2.0813003736,2.1283153831,2.1907722895,2.2295815583,2.2776550036,2.3244234786,2.3616540759,2.4412502331,2.5077416531,2.6006982637,2.6320230854,2.6404186991
demandDE-87,1,1.0378507418,1.0619120421,1.1124790165,1.1114024691,1.1572186863,1.1754100435,1.20785638,1.2045575762,1.2361959739,1.2522010115,1.2958972607,1.2954143619,1.3057745372,1.3440511665,1.352314625,1.3615278397,1.3691814725,1.3905944426,1.4289174345,1.4554793986,1.4804826517,1.5361594905,1.5781115473,1.6341795965,1.6740519478,1.7205617741,1.777008657,1.8322215756,1.8405009727,1.8598544364,1.9027202521,1.9424590334,1.9920731784,2.0479153436,2.0671032864,2.0671542205,2.0710838019,2.1552808974,2.2046034274,2.265179403,2.2450064146,2.2817767294,2.360000581,2.3630243279,2.4454617638,2.5191364297,2.5416588194,2.5483181367,2.5927114275
demandDE-88,1,1.0289580491,1.038552277,1.0855498003,1.0909469683,1.105605009,1.1503964394,1.1945482025,1.2200722038,1.2651350992,1.2928534029,1.3132086292,1.3318210883,1.3246072767,1.3682599767,1.4217861175,1.4735032355,1.4928042206,1.5543962821,1.5867708064,1.6118108355,1.6706389292,1.7217013816,1.7342254103,1.7888940687,1.8102393567,1.8350228055,1.883997561,1.8840497715,1.8991503468,1.9133824514,1.9359710347,1.9939053202,1.9992970965,2.0233462779,2.0805908096,2.1248891944,2.1163502472,2.1337291476,2.2052519227,2.2572307104,2.2594870325,2.2840727677,2.3334189356,2.3810178407,2.4479348359,2.4991347667,2.5961754146,2.6338838547,2.6831039882
demandDE-89,1,1.0051833428,1.0355159804,1.036459209,1.0838427946,1.1285528848,1.1506076029,1.1721188509,1.1745717374,1.2170080378,1.2345223145,1.2839526995,1.2943499323,1.3465557197,1.3713592503,1.3916697386,1.4297895,1.4458135037,1.4720286969,1.4767594069,1.5022106739,1.5510868071,1.5910505235,1.6138208587,1.6317762977,1.6711223762,1.6724184281,1.7120252315,1.7513257805,1.7875397683,1.8451221721,1.8880691323,1.8893702187,1.9086195307,1.9182255696,1.9655391477,2.0091389874,2.0593838698,2.1421085354,2.1505640607,2.182557249,2.2744593012,2.3295383837,2.3868033815,2.4044614724,2.4886556864,2.505154781,2.5476378469,2.5567745069,2.6313773321
demandDE-90,1,1.0186937273,1.019973069,1.0123239685,1.045992175,1.0574231241,1.0674875795,1.0911341646,1.1193963843,1.1550955591,1.1769213911,1.2244339138,1.2327779523,1.2583438679,1.2852296179,1.293513276,1.3029193726,1.3320149828,1.3301140281,1.3576192109,1.3783643465,1.4172527461,1.4500178839,1.4678830306,1.4852947134,1.5167851972,1.5474865541,1.5349248182,1.5528097537,1.5705885407,1.6161089651,1.628197763,1.6620855701,1.6773780157,1.6945346983,1.7601267621,1.7929001953,1.8224238286,1.9064278915,1.9544651099,1.9841546479,2.0245397158,2.032079099,2.1204193039,2.1744148221,2.2047323162,2.2595396162,2.2704998585,2.3184114212,2.3536731993
demandDE-91,1,1.0059207904,1.0249545398,1.0506963457,1.0944643337,1.096420858,1.1083903746,1.1272136807,1.176830244,1.2026410038,1.2256372127,1.2488065673,1.276897908,1.277003251,1.3071670544,1.3476668102,1.3891289931,1.3917811251,1.3952004784,1.4202108186,1.4234198037,1.4435584616,1.5094537655,1.5702984015,1.5674052685,1.6025310309,1.6320637419,1.6888725978,1.6922764603,1.7349779392,1.7525213255,1.7977517255,1.8075827256,1.8049800165,1.8394155339,1.8585588489,1.9240691686,1.9709320258,2.0208826113,2.0661937821,2.0493996126,2.1001334682,2.1404699558,2.1855697743,2.191840099,2.2446464454,2.2730322651,2.313782206,2.3810616823,2.4289093948
demandDE-92,1,1.0131076832,1.0555395462,1.0529997537,1.0744625147,1.1130652169,1.1202299306,1.1429088565,1.1867551201,1.2109790651,1.2489396819,1.2585631182,1.275874762,1.3047789058,1.3266319339,1.3739464801,1.3724538815,1.4011709086,1.430135825,1.4578305295,1.4677348611,1.5153485869,1.5260608408,1.5658737114,1.6336522803,1.6752465453,1.7232351938,1.7777027698,1.7958146159,1.8533871417,1.9121955442,1.9667737027,1.9962449318,2.055190416,2.1408075735,2.1666005085,2.2281904199,2.2921090278,2.2795464325,2.2966101494,2.3729275666,2.4078249689,2.4398813057,2.4384587409,2.4936704756,2.6035235756,2.669297382,2.7284501321,2.8180422614,2.869955875
demandDE-93,1,1.017760195,1.040137809,1.0664058368,1.0952254466,1.1295668495,1.1352268874,1.1590620142,1.2035687831,1.2552189014,1.2751693778,1.3170199152,1.342685868,1.3398632718,1.3637541318,1.4150314483,1.4271416462,1.4494902672,1.469306387,1.4731635599,1.521779242,1.5332629807,1.5786947228,1.5768129648,1.6207328179,1.6496757982,1.6829337956,1.7146944379,1.7882360954,1.8229038664,1.8963688874,1.9461374637,1.9990217869,1.9949496476,2.0341311137,2.1117235689,2.1556416124,2.2323253276,2.3212298972,2.3456031908,2.3805162105,2.4547826281,2.5336795943,2.6022371351,2.6931115509,2.7269132472,2.7514994117,2.8209464228,2.8936862384,2.9051788811
demandDE-94,1,1.017133779,1.0415586225,1.0771846881,1.1074838284,1.1195461045,1.1322172858,1.138106131,1.1657656508,1.1868650881,1.2148997257,1.2464337646,1.2589690092,1.3049340895,1.3001782898,1.3308613603,1.3447539637,1.3856582332,1.4161705083,1.4554116909,1.498516091,1.5251257288,1.5538534285,1.6035275978,1.5923442272,1.6183963654,1.634865022,1.6665405659,1.700161404,1.7128788837,1.7237857799,1.7612040617,1.7927711398,1.8369742875,1.9136226518,1.955803796,2.0108374344,2.0829248744,2.1112389298,2.2061381242,2.2675874557,2.305140883,2.3423753814,2.4160097648,2.497790409,2.5159098,2.5233874251,2.5224808542,2.617786604,2.6415824836
demandDE-95,1,1.0115324336,1.0219366064,1.0458382967,1.0526054376,1.0681786937,1.0729474857,1.1022857186,1.12220073,1.1340850601,1.1399833668,1.151569783,1.1701233575,1.1947788272,1.2128317269,1.2126913223,1.2265393079,1.2399396717,1.2517505538,1.2933251355,1.3061973314,1.3636015739,1.3904742712,1.4413652541,1.4988763411,1.5496465352,1.5650951854,1.5748359326,1.6322594769,1.6637125091,1.7127223904,1.7955955771,1.7935903432,1.8283998783,1.8673232686,1.8866740794,1.9706801033,2.0057817785,2.0463035521,2.0894439858,2.1099776524,2.1587930277,2.2060839069,2.2371334595,2.2909084111,2.3014779196,2.3211127981,2.3757153561,2.4149508538,2.463139514
demandDE-96,1,1.023598783,1.037914374,1.0472182541,1.0683743947,1.1164054675,1.1182155327,1.1638217314,1.2108754255,1.2237230126,1.2520180623,1.275405662,1.3085235058,1.3388449434,1.3821811582,1.3838474389,1.4397991807,1.4709228548,1.4934411847,1.5307779153,1.5553135498,1.5564162774,1.5455372515,1.563208327,1.6142295437,1.6484859401,1.6739792886,1.6686566483,1.7101059575,1.7439546393,1.7865136442,1.8471157059,1.8690711129,1.9083777599,1.9176680489,1.9920961999,2.0443192471,2.0505933952,2.1338155156,2.1910934364,2.2043112334,2.2458372066,2.2566712496,2.2963672706,2.3965407552,2.4148725839,2.4801123501,2.5678209474,2.6405889238,2.7108925335
demandDE-97,1,1.041042521,1.0675772224,1.0973651708,1.1268451467,1.1647019892,1.1905111397,1.2400161845,1.2502091388,1.2825112904,1.3196542547,1.3624905357,1.3631418918,1.4028212878,1.4106413499,1.4738911583,1.5051432556,1.5463658457,1.5398905554,1.5638506545,1.6077630527,1.6081674928,1.6701260825,1.7388620326,1.7727987654,1.7693212519,1.8137363847,1.8761292842,1.9167683238,1.9196124167,1.9554104185,1.9833324358,2.0335042443,2.0677020636,2.1332890278,2.1671437761,2.2192876969,2.2620245482,2.2742441125,2.3539908988,2.3663532587,2.3782673178,2.4382882619,2.4868129459,2.484202756,2.480373051,2.5449895733,2.5789128935,2.6902824358,2.7777641123
demandDE-98,1,1.0202888547,1.0302251452,1.0651286488,1.0829344436,1.1118555223,1.1229421472,1.1315467958,1.151150711,1.1554845243,1.1703558901,1.2148281194,1.2462530161,1.2492075701,1.275957798,1.2802463421,1.3130200673,1.3111921903,1.3527561286,1.356079885,1.3730938649,1.4200113882,1.4661327908,1.5141811215,1.5795995782,1.6109416673,1.6566898616,1.7091475517,1.7652638339,1.7689786517,1.8079284587,1.8350901186,1.8421750651,1.871958477,1.9322549585,1.9552975887,1.9928684201,2.0857156865,2.1593402242,2.1688329633,2.213731565,2.28661535,2.2879559392,2.30226598,2.315102456,2.3618608205,2.4107793416,2.4700742219,2.5107472268,2.5640328459
demandDE-99,1,1.0122597136,1.0513248975,1.0801804723,1.0854106399,1.0965739375,1.1168918628,1.1246040054,1.1653028073,1.2182477039,1.2316391366,1.2894004334,1.2970710362,1.328297025,1.3519371129,1.4074865839,1.4276685693,1.4525215906,1.5107974815,1.5048249763,1.5213292034,1.5335930495,1.5555379532,1.5713815312,1.5968771843,1.6298004456,1.6661506674,1.743098775,1.7695556087,1.7696303141,1.8169876462,1.8704906408,1.9156097356,1.9250955329,1.9809906367,1.9983781382,2.086589411,2.1729886115,2.2378493281,2.3150739348,2.3354055589,2.4262074242,2.4134645682,2.4054109952,2.4716043574,2.5202240441,2.5647400629,2.6716568425,2.6926759149,2.7580224709
demandDE-100,1,1.0467987402,1.0676497058,1.0724801611,1.0754948808,1.0960313186,1.1092637266,1.1310968266,1.1653846568,1.1741433299,1.1947966958,1.2161109244,1.2574293446,1.2553108561,1.2595778573,1.2848499055,1.3076126841,1.336492425,1.366281023,1.4305142343,1.4276767489,1.4782716967,1.5275218173,1.5407132142,1.6091718347,1.6274865909,1.6828364276,1.7152544658,1.7652494464,1.7874239316,1.8234723604,1.8287441091,1.8568111417,1.8501198532,1.9136759175,1.9426363811,1.9659033322,1.9646505279,1.9726668194,2.0514878262,2.0628256541,2.1415428476,2.1778666916,2.2010970307,2.2419998036,2.2858144162,2.3686134092,2.3928803297,2.4156791927,2.4726210821
demandDE-101,1,1.0240256898,1.0368391682,1.064420423,1.081293418,1.1112945954,1.1556324476,1.2088206309,1.2121659707,1.2454500523,1.263087173,1.2889391215,1.3357656644,1.3577282399,1.3935308539,1.4309447052,1.4572972913,1.4601141573,1.5089646382,1.5214164375,1.5456668774,1.6011116028,1.6550330152,1.6845688271,1.750964047,1.8115318325,1.8525007126,1.8853381088,1.8947364165,1.928554959,1.9561596925,2.0185977215,2.0547701987,2.1369518074,2.1551991485,2.1566740331,2.1630973451,2.2008466087,2.2310978758,2.2560408418,2.3191317766,2.4087493273,2.4904322601,2.5749964209,2.6169566588,2.698207462,2.7951652801,2.8330723665,2.8916530419,2.9658365085
demandDE-102,1,1.0092047649,1.0252929366,1.0319716234,1.0507353918,1.0725861423,1.1046992623,1.1023816538,1.1189047154,1.1393984102,1.1740996596,1.1945606213,1.2186575265,1.2491231627,1.2721609381,1.2841792508,1.3166442683,1.3310786692,1.3594900636,1.3810836047,1.4341244267,1.4804831949,1.5146046279,1.5798169294,1.6201747159,1.6658030299,1.7022128251,1.782443553,1.7927743974,1.8181289586,1.8814138528,1.9076191907,1.9746476095,2.0212578906,2.0588362787,2.1223108139,2.1123370594,2.2009213508,2.2226453569,2.3113618195,2.3858324642,2.4343153815,2.5084449747,2.5761684188,2.6038478968,2.654270371,2.7107094407,2.792234994,2.8652716658,2.9163410428
demandDE-103,1,1.0002504294,1.0375925558,1.0347028524,1.0628093627,1.1086460491,1.1383632125,1.1646275629,1.1962158743,1.2167460385,1.2336602866,1.2627088169,1.2811126516,1.304771989,1.3241252225,1.374543096,1.3913171117,1.4273016141,1.4543721318,1.4716382266,1.4949539202,1.5619853711,1.5740720883,1.5781067523,1.5890720284,1.6004223292,1.6308025275,1.6758197891,1.7435260427,1.7789864438,1.7745164905,1.8143156993,1.8091817986,1.8058264404,1.8736384772,1.9057395634,1.9397222543,1.9683881198,2.0252573671,2.0923127535,2.0974882259,2.1408680576,2.1779778911,2.2044135051,2.2711450953,2.3017719391,2.3060636058,2.3786021724,2.4361337739,2.5440086153
demandDE-104,1,0.9998887188,1.006275085,1.0165481137,1.0160775656,1.0375190951,1.0783195378,1.0997182456,1.1441262946,1.1579366786,1.1777570953,1.1946750592,1.2463120071,1.2581309845,1.3021016987,1.3586884551,1.370132843,1.3586450366,1.3910619418,1.408393314,1.4543344728,1.4754362233,1.499549555,1.5233713641,1.5689776902,1.6206558593,1.6721181936,1.6902649014,1.7149092739,1.7564217793,1.7746131568,1.7685748937,1.8166196503,1.879155761,1.9565730792,2.0176347542,2.0211199206,2.0419347285,2.102569043,2.1208356752,2.1731875614,2.2071231337,2.2173783731,2.3080670708,2.3376990109,2.3972681491,2.3994519521,2.4012979691,2.4318800333,2.4910904202
demandDE-105,1,1.0202841862,1.0178908941,1.067418298,1.0775705161,1.0779191282,1.1203055739,1.1605401634,1.1822654817,1.2044131964,1.2075149282,1.2525137552,1.2789312885,1.3071150977,1.3060182074,1.3319758786,1.3837051867,1.4309144293,1.4830320522,1.5076266371,1.5524378507,1.5659875614,1.608766157,1.661888061,1.6891165733,1.7056828261,1.7561923044,1.8010995632,1.8296740161,1.8288200832,1.8600697356,1.8958649956,1.9309551157,2.0090009646,2.0584855933,2.1209926676,2.2139075111,2.2542622757,2.2836329661,2.359578435,2.4126194313,2.4958457728,2.6156068921,2.6970813496,2.7449805385,2.8322157732,2.9270944162,2.9389958452,3.0317876244,3.040040656
demandDE-106,1,1.0276424351,1.0523073696,1.099413258,1.114344013,1.1529114345,1.1710839774,1.1898592284,1.2106198389,1.2461564964,1.2772526582,1.2988768524,1.3113063416,1.3371463593,1.3689607851,1.3897550914,1.3845437102,1.3792378406,1.4195944378,1.4508465403,1.4665537528,1.4822334402,1.5070911019,1.5429282393,1.5691725872,1.6034832459,1.6465468989,1.6380356486,1.6542130187,1.707264557,1.7620521349,1.8080633559,1.8263235477,1.8547905336,1.876108314,1.9121850754,2.0016598771,2.0807233579,2.0720623333,2.0815558907,2.1513078273,2.202619822,2.2896124147,2.3667404722,2.4009016592,2.4535261233,2.4926283044,2.5460854384,2.5271780261,2.571489999
demandDE-107,1,1.0208260522,1.0428764237,1.0628220909,1.0879624603,1.1169185147,1.1297468674,1.1522633735,1.1577406476,1.1782576115,1.2177741529,1.2595859027,1.2973116665,1.3557658279,1.4042373222,1.4322820387,1.4481191853,1.5052754068,1.5555575746,1.5818005829,1.6027218135,1.6657955341,1.7015168439,1.7544256144,1.8023598334,1.8092358441,1.8851312066,1.9367597942,1.9558691094,2.0273027993,2.0946342879,2.1016881746,2.1486776415,2.2054806047,2.2591062596,2.2933365588,2.3504353745,2.3485691296,2.3617272399,2.4034262169,2.4202224444,2.4532329251,2.5396693692,2.584689918,2.656808612,2.6922938673,2.6961233757,2.7514317254,2.8585664657,2.9519951668
demandDE-108,1,0.9955941926,1.0277772473,1.0313366751,1.0456167451,1.0604996101,1.0945234174,1.1099500609,1.1179156935,1.1575887049,1.186193082,1.1920419706,1.2377536875,1.2395455792,1.2596309507,1.2741569718,1.2972479542,1.3450503042,1.3757405847,1.3987386454,1.4063687895,1.4292563371,1.4727342805,1.49599904,1.5506598659,1.5675803805,1.6116184677,1.6534285639,1.6789865719,1.7221974843,1.7495717617,1.7792217325,1.8364314336,1.8608364045,1.8684521516,1.8997951238,1.9654441613,1.9902748405,2.0601482005,2.0912562428,2.1292146535,2.1782029051,2.2138000123,2.2594610107,2.3337963134,2.3882609064,2.4564655765,2.5023082685,2.5939333535,2.6138474406
demandDE-109,1,0.9975812924,1.0280389032,1.0416082625,1.0811860979,1.112048817,1.1125406265,1.1328781955,1.1570763039,1.1515399361,1.1855183568,1.2045607367,1.2421255047,1.2733027601,1.3258599297,1.3471524537,1.3627391468,1.4108210025,1.4439530259,1.4399018371,1.4669784831,1.459224082,1.4958230239,1.5309280711,1.5769834902,1.5923651921,1.5882826926,1.6313989861,1.6489642042,1.695722039,1.726329157,1.7294509103,1.7510551095,1.8313748399,1.8484705748,1.840063455,1.8869852191,1.9192909074,1.9539385594,2.0440961861,2.0957370481,2.1430170163,2.1703737495,2.1947737558,2.2553962584,2.3003047083,2.3544082961,2.3404650693,2.4023345587,2.4125149732
demandDE-110,1,1.0029549667,1.0318625044,1.0690700543,1.0922242518,1.0867030962,1.0914604407,1.1118392915,1.1337596312,1.150042557,1.1927948458,1.2233571943,1.2150267029,1.2570961513,1.2743066686,1.2975658324,1.2996095964,1.318184325,1.3291476125,1.3263862479,1.35172847,1.3984966585,1.3970866545,1.4493502865,1.4900398966,1.5063275731,1.5318705209,1.5501380506,1.5785065717,1.6206228664,1.6462024129,1.7211184681,1.7282008402,1.7946248127,1.8235029399,1.8720701256,1.9156306154,1.9517042384,1.9921198312,2.046692478,2.0511078867,2.1055865273,2.1603877902,2.2042427589,2.2198864231,2.2497022338,2.2888745979,2.3118570723,2.3482273069,2.402076334
demandDE-111,1,1.0262095489,1.0466124958,1.0540977637,1.1014067863,1.1321825878,1.132266152,1.1651936074,1.1636846066,1.189859583,1.2073794105,1.2446926419,1.2829579054,1.3066980214,1.3349365,1.3418581401,1.3693212805,1.4161442918,1.4394979736,1.4356958885,1.4813031428,1.5107781647,1.5699715656,1.6154644119,1.6080292197,1.6405930935,1.683615299,1.6886187034,1.7428517141,1.7681244761,1.7814501017,1.843569849,1.9129605575,1.9295603825,1.9955186143,2.0595162808,2.0974417777,2.1288813633,2.2109491755,2.2468133956,2.3057248278,2.3201731813,2.3226408655,2.3293152162,2.3778747843,2.4427845588,2.4753018608,2.5246276739,2.5951420717,2.6342325712
demandDE-112,1,0.9971818857,1.0237590737,1.0589519128,1.0877653109,1.1177912982,1.1197382264,1.131052268,1.1526038032,1.1781316007,1.2042650608,1.2236651781,1.2446085928,1.2664153604,1.2988073812,1.2909596457,1.324927514,1.3394875189,1.356190727,1.3935566517,1.4007054324,1.4256465361,1.4538194876,1.4789944573,1.5446940653,1.5705389211,1.5945181786,1.6483155367,1.6912016142,1.6961506909,1.7435270124,1.7516170525,1.7688807033,1.8186515747,1.8362782742,1.841649603,1.8949982767,1.8793826762,1.911696346,1.9278963623,1.9800099077,2.0222046026,2.0748642404,2.1047114038,2.1435204559,2.1682525272,2.2307882457,2.2767427049,2.3208211356,2.3899732429
demandDE-113,1,1.0006078619,1.0233421387,1.0361063896,1.0564604742,1.0790555765,1.0980396894,1.1319198344,1.1427821842,1.1500724002,1.1725710795,1.1894558093,1.1870809075,1.1985587734,1.2178497603,1.2254582265,1.2379410005,1.2573351019,1.2579410626,1.2696262382,1.2810751852,1.3107186006,1.3446512689,1.3745368608,1.4180906094,1.4222149248,1.4330678087,1.4814260862,1.539970626,1.6132496251,1.6210565339,1.6582661585,1.7190333393,1.7459146083,1.8044883296,1.8699519467,1.9115206009,1.9870616817,2.0385156087,2.0612572165,2.1007267166,2.1108795542,2.1037386655,2.1488463986,2.206476209,2.1971520954,2.231632261,2.2680920165,2.2798770876,2.3452360638
demandDE-114,1,1.0214860155,1.0429430387,1.0690318224,1.0876827737,1.1107710648,1.1347223081,1.1362162435,1.1319984614,1.1396342914,1.1535298738,1.1642491515,1.1869549909,1.2067919478,1.2588857577,1.2906498019,1.3485473305,1.3485310025,1.3714740284,1.3711736457,1.4322970565,1.4713245939,1.5149300284,1.5519967802,1.5894659352,1.619805156,1.6604054386,1.7032948667,1.7647317404,1.8193612659,1.8705630916,1.862469438,1.9317235631,1.981636169,2.0718120097,2.1383755515,2.2112748801,2.2494105304,2.2641673915,2.3613488897,2.4387329913,2.5047359429,2.5287403129,2.5511109158,2.5761156338,2.6898334609,2.7057129399,2.7750095623,2.8250840655,2.8368875786
demandDE-115,1,1.0145613001,1.0512337778,1.0779942617,1.1132496381,1.1372951877,1.1330568947,1.1681267701,1.2014686599,1.2299948841,1.2493679913,1.2792352984,1.310579863,1.3217217071,1.3606437869,1.4204762675,1.4786234299,1.5067603273,1.5176612806,1.5515790882,1.6143975925,1.640114768,1.7038736437,1.7232555538,1.7614630651,1.8344526832,1.876399048,1.9181231135,1.9552569931,1.9779864069,1.9966258869,2.0343567045,2.0693440543,2.1235593789,2.1422373567,2.1939754038,2.2266857001,2.2927162392,2.3292411229,2.3865430524,2.4677680018,2.5292811379,2.6205838273,2.6433511507,2.7059763184,2.7465142384,2.8356214005,2.9220071867,3.0467961851,3.1697033263
demandDE-116,1,1.0201275351,1.0398286952,1.0605992019,1.0786788215,1.0708749754,1.0831780758,1.1044727333,1.1422536186,1.1541558231,1.1870130943,1.2165217363,1.2432370957,1.2914211832,1.3123917314,1.3485104824,1.4015340292,1.391828909,1.4018752186,1.4469738217,1.4811938799,1.4820485133,1.5198675452,1.5706715635,1.6022026497,1.6246857364,1.6584449172,1.6754109849,1.7113841386,1.742660217,1.8147969512,1.8573867267,1.8877932813,1.9322193001,1.989225017,2.0583945806,2.1193765874,2.1551043954,2.1877045921,2.231221103,2.2688825907,2.3779361708,2.4784346113,2.5347479704,2.5597568742,2.572097998,2.6277722397,2.6573587377,2.6917395007,2.7009141656
demandDE-117,1,1.0145576036,1.0128368542,1.0491357424,1.0479345671,1.0558911618,1.0800057706,1.126466493,1.1544272589,1.188645348,1.2270852412,1.2513296498,1.2857634698,1.3103666305,1.3321839539,1.3416938375,1.3711156131,1.3968418979,1.4059292852,1.4217082174,1.435549342,1.472831,1.5035534422,1.5466673459,1.6066451166,1.6545132701,1.665337658,1.733910167,1.7400402586,1.7773667294,1.8481051464,1.9134625911,1.9615590845,2.0416616667,2.0762907092,2.0937679704,2.1250371942,2.1444957476,2.1905964638,2.259683496,2.2940076335,2.3189787601,2.3336378562,2.4175172563,2.4797394182,2.5471756043,2.6683258349,2.7731576807,2.8816010523,2.9624241159
demandDE-118,1,1.0320369782,1.0533488731,1.0632022669,1.0724467143,1.0941861008,1.1287323958,1.1752853285,1.1784863752,1.189897027,1.19912318,1.1986809783,1.2068315871,1.2218205438,1.2489932484,1.2933389184,1.3230812164,1.3198929433,1.3313186571,1.3305652866,1.3720657927,1.3867214837,1.4307797359,1.4519111911,1.4813523243,1.4902284397,1.5086134036,1.5520335672,1.6129626763,1.6451374282,1.7071566003,1.7545304261,1.8078618763,1.8296627582,1.8457306997,1.9241128492,1.9638764261,2.0503683584,2.10253491,2.1867413263,2.2084654704,2.2233639292,2.2920609053,2.3645353013,2.4240396206,2.5225232569,2.57462349,2.6048532533,2.6026401055,2.6782833841
demandDE-119,1,0.9972685404,1.0344716928,1.036904554,1.0332458478,1.0525660174,1.0822425171,1.0956093606,1.1415178018,1.1841089348,1.2070775953,1.2176150844,1.252442042,1.2466975808,1.2546096284,1.2792219089,1.306341294,1.3534600173,1.3881007294,1.4050181905,1.4355931576,1.458374298,1.4817273469,1.4849415763,1.497838245,1.5333594785,1.5725182968,1.5684245011,1.6224120114,1.6898457819,1.7600921748,1.8256556729,1.8698436715,1.9485434738,1.9755132198,2.0283608275,2.0226412763,2.0532686272,2.1065495827,2.1211662456,2.1928376331,2.2069921614,2.2163957708,2.2736064078,2.3395067941,2.3438552383,2.4152531491,2.4607864036,2.4563448841,2.4753985158
demandDE-120,1,1.0340767446,1.0598698824,1.1019684155,1.1266070195,1.1486865653,1.1919206732,1.1980415,1.2337257908,1.2787544309,1.282443309,1.2854506688,1.3076760898,1.3431711277,1.3625053927,1.3895786285,1.426216191,1.4346693809,1.4648693895,1.4966701363,1.5078400078,1.5360360541,1.5615240955,1.6053283525,1.6337384083,1.634299492,1.6291193512,1.6509009108,1.7012604723,1.7751719948,1.7925792518,1.8542429581,1.9307352006,1.9796768108,1.9890929802,2.0678114875,2.1295889521,2.1428128134,2.2006607974,2.2231870693,2.2499890216,2.3163375361,2.3865110726,2.4251829861,2.5140165649,2.5499556513,2.6183641409,2.6233267301,2.7220405057,2.8056485056
