hour,nl8,nl4,de10,de5,frbelux8,frbelux4,uk6,uk3
1,19813.6,9906.8,102581.3,51290.65,145712.72,72856.36,43271.58,21635.79
2,22736.48,11368.24,124834.4,62417.2,150635.52,75317.76,46924.02,23462.01
3,24794.16,12397.08,117687.2,58843.6,141179.2,70589.6,49619.7,24809.85
4,24020.96,12010.48,109771,54885.5,131383.92,65691.96,50521.68,25260.84
5,30070.8,15035.4,130842.9,65421.45,159070.24,79535.12,56475,28237.5
6,30487.28,15243.64,130118.2,65059.1,167920.56,83960.28,55993.62,27996.81
7,24432.4,12216.2,134928.6,67464.3,165344.32,82672.16,56229.54,28114.77
8,25920.4,12960.2,143867.3,71933.65,159322,79661,55325.16,27662.58
9,24796.24,12398.12,145957.1,72978.55,151123.36,75561.68,53367.24,26683.62
10,21527.28,10763.64,126506.1,63253.05,128915.76,64457.88,47593.68,23796.84
11,20149.6,10074.8,117532.5,58766.25,128562.16,64281.08,47805.78,23902.89
12,24533.68,12266.84,145781.3,72890.65,152152.8,76076.4,54587.4,27293.7
13,25006.32,12503.16,143484.8,71742.4,152166,76083,56059.74,28029.87
14,25300.8,12650.4,144963.16,72481.58,152552.56,76276.28,56951.52,28475.76
15,25176.4,12588.2,148558.4,74279.2,152718.8,76359.4,55376.76,27688.38
16,24486.32,12243.16,143207.23,71603.615,152722.64,76361.32,57001.92,28500.96
17,21374.24,10687.12,120430.96,60215.48,145003.44,72501.72,53450.1,26725.05
18,20229.6,10114.8,111103.28,55551.64,144440.88,72220.44,52519.62,26259.81
19,24864.32,12432.16,143311.04,71655.52,165897.04,82948.52,60358.92,30179.46
20,25152.72,12576.36,147474.66,73737.33,171028.32,85514.16,61506.18,30753.09
21,25037.68,12518.84,145909.48,72954.74,172360.24,86180.12,61787.94,30893.97
22,25385.6,12692.8,146069.49,73034.745,173180.24,86590.12,61324.38,30662.19
23,25463.04,12731.52,146049.92,73024.96,174837.84,87418.92,59246.52,29623.26
24,21562.96,10781.48,127768.08,63884.04,160584.72,80292.36,51779.04,25889.52
25,25057.92,12528.96,114889.62,57444.81,152705.68,76352.84,50726.64,25363.32
26,24772.4,12386.2,146032.09,73016.045,165879.92,82939.96,56217.84,28108.92
27,24479.44,12239.72,147545.94,73772.97,164825.76,82412.88,57830.64,28915.32
28,25477.28,12738.64,151188.26,75594.13,164610.88,82305.44,55927.98,27963.99
29,25061.52,12530.76,150797.5,75398.75,164266.96,82133.48,58615.74,29307.87
30,24987.04,12493.52,144650.78,72325.39,165492.16,82746.08,58018.56,29009.28
31,21698.56,10849.28,124080.64,62040.32,153429.52,76714.76,52040.04,26020.02
32,20151.52,10075.76,113564.46,56782.23,150338.4,75169.2,51030.54,25515.27
33,24876,12438,146687.73,73343.865,170040.16,85020.08,60921.36,30460.68
34,24478.8,12239.4,148533.19,74266.595,175955.36,87977.68,61055.4,30527.7
35,25227.92,12613.96,148722.69,74361.345,178201.84,89100.92,60285.48,30142.74
36,26293.44,13146.72,147746.3,73873.15,180529.68,90264.84,61031.16,30515.58
37,24763.76,12381.88,146015.9,73007.95,184708.16,92354.08,59293.68,29646.84
38,21923.44,10961.72,128011.7,64005.85,166691.76,83345.88,54410.76,27205.38
39,20127.6,10063.8,117559.03,58779.515,154551.04,77275.52,51035.88,25517.94
40,24129.92,12064.96,149596.85,74798.425,169726.8,84863.4,57366.42,28683.21
41,24386.96,12193.48,148101.6,74050.8,169723.6,84861.8,59711.64,29855.82
42,24959.68,12479.84,146898.42,73449.21,166009.36,83004.68,60084.78,30042.39
43,25313.6,12656.8,146282.28,73141.14,165338.16,82669.08,59609.64,29804.82
44,24047.04,12023.52,143098.19,71549.095,159337.36,79668.68,56800.8,28400.4
45,20351.68,10175.84,121503.55,60751.775,142317.84,71158.92,51507.54,25753.77
46,18752.16,9376.08,112259.3,56129.65,136522.24,68261.12,48968.76,24484.38
47,23230.72,11615.36,139697.83,69848.915,157991.6,78995.8,56271.96,28135.98
48,24521.2,12260.6,146093.64,73046.82,159328.96,79664.48,55291.02,27645.51
49,24264,12132,147121.09,73560.545,160696.32,80348.16,54203.34,27101.67
50,23790.08,11895.04,148550.39,74275.195,160206.88,80103.44,55526.28,27763.14
51,25017.28,12508.64,145232.45,72616.225,156974.08,78487.04,55739.58,27869.79
52,20773.76,10386.88,124343.55,62171.775,145345.6,72672.8,49991.34,24995.67
53,19491.2,9745.6,113675.84,56837.92,141795.68,70897.84,50070.18,25035.09
54,23763.92,11881.96,148789.87,74394.935,155049.68,77524.84,54478.44,27239.22
55,23632,11816,148629.79,74314.895,158286.32,79143.16,55023.24,27511.62
56,24265.92,12132.96,145662.3,72831.15,156203.04,78101.52,56642.28,28321.14
57,24277.76,12138.88,147181.57,73590.785,153410.32,76705.16,54369.72,27184.86
58,23354.16,11677.08,146566.6,73283.3,151935.92,75967.96,53627.46,26813.73
59,20122.72,10061.36,129322.07,64661.035,141886,70943,47695.14,23847.57
60,18563.36,9281.68,123254.02,61627.01,128379.28,64189.64,45022.74,22511.37
61,23123.44,11561.72,149310.78,74655.39,142423.12,71211.56,53571.84,26785.92
62,24039.6,12019.8,150393.1,75196.55,146404.48,73202.24,54440.7,27220.35
63,24072.64,12036.32,152065.1,76032.55,150094.24,75047.12,54491.16,27245.58
64,23693.68,11846.84,148423.08,74211.54,152014,76007,54884.52,27442.26
65,24299.6,12149.8,145259.14,72629.57,149358.32,74679.16,50790.66,25395.33
66,20225.92,10112.96,128774.31,64387.155,132797.76,66398.88,43970.58,21985.29
67,18564.64,9282.32,117890.56,58945.28,122694.72,61347.36,45182.58,22591.29
68,22918.8,11459.4,142283.51,71141.755,136874.32,68437.16,53569.2,26784.6
69,26811.84,13405.92,146010,73005,140707.44,70353.72,52684.92,26342.46
70,22764.64,11382.32,142695.11,71347.555,137429.92,68714.96,53122.86,26561.43
71,22730.24,11365.12,142036.23,71018.115,137590.96,68795.48,52178.1,26089.05
72,22834.24,11417.12,140989.99,70494.995,139918.4,69959.2,53237.16,26618.58
73,20705.84,10352.92,122096.71,61048.355,131660.16,65830.08,48788.22,24394.11
74,19304.72,9652.36,112003.26,56001.63,129441.76,64720.88,48136.44,24068.22
75,22419.12,11209.56,140602.68,70301.34,144088.72,72044.36,56098.14,28049.07
76,22688.16,11344.08,140129.27,70064.635,140546.24,70273.12,55668.36,27834.18
77,23757.36,11878.68,138860.76,69430.38,136239.2,68119.6,54624.12,27312.06
78,25625.76,12812.88,138309.62,69154.81,140138.16,70069.08,55083.48,27541.74
79,23400.24,11700.12,137245.61,68622.805,140806.48,70403.24,51976.68,25988.34
80,20262.32,10131.16,120544.2,60272.1,129697.84,64848.92,46488.48,23244.24
81,18538.08,9269.04,108277.29,54138.645,125726.56,62863.28,45443.46,22721.73
82,22350,11175,137826.8,68913.4,141157.2,70578.6,52218.54,26109.27
83,22773.52,11386.76,140404.73,70202.365,144680.4,72340.2,53163.54,26581.77
84,24276,12138,139630.94,69815.47,148312.32,74156.16,53188.86,26594.43
85,25030.96,12515.48,141719.36,70859.68,149756.8,74878.4,51179.58,25589.79
86,23303.44,11651.72,140497.58,70248.79,141851.28,70925.64,51060.54,25530.27
87,20378.88,10189.44,119236.04,59618.02,125404.64,62702.32,44159.64,22079.82
88,18866,9433,109706.75,54853.375,117448.48,58724.24,43200.96,21600.48
89,22240.64,11120.32,146425.77,73212.885,131804.16,65902.08,49252.68,24626.34
90,22809.44,11404.72,149916.23,74958.115,132553.6,66276.8,48367.2,24183.6
91,22680,11340,148393.17,74196.585,136066.24,68033.12,49990.98,24995.49
92,22952.64,11476.32,140960.63,70480.315,139138.08,69569.04,50772.3,25386.15
93,22166.08,11083.04,109187.27,54593.635,136320.4,68160.2,46739.4,23369.7
94,19692.96,9846.48,106924.73,53462.365,123798.32,61899.16,44148.96,22074.48
95,17445.12,8722.56,97466.93,48733.465,117886.56,58943.28,41530.08,20765.04
96,18454.16,9227.08,99669.85,49834.925,119911.04,59955.52,41495.58,20747.79
97,23255.12,11627.56,134854.04,67427.02,132514.16,66257.08,46363.44,23181.72
98,22622.64,11311.32,136266.21,68133.105,130649.28,65324.64,46829.4,23414.7
99,22744.08,11372.04,133883.45,66941.725,125662.16,62831.08,46278.66,23139.33
100,22009.04,11004.52,130480.07,65240.035,120983.6,60491.8,44536.8,22268.4
101,18804.16,9402.08,114507.77,57253.885,109127.28,54563.64,38355.06,19177.53
102,16811.6,8405.8,104511.28,52255.64,102387.76,51193.88,39444,19722
103,21990.4,10995.2,136053.44,68026.72,116043.76,58021.88,47333.4,23666.7
104,21385.36,10692.68,137554.34,68777.17,115465.6,57732.8,45324.96,22662.48
105,21758.96,10879.48,139121.55,69560.775,113404.32,56702.16,45933.12,22966.56
106,22077.84,11038.92,134995.81,67497.905,114116.72,57058.36,47018.16,23509.08
107,23083.04,11541.52,129934.17,64967.085,113987.76,56993.88,45812.34,22906.17
108,18161.04,9080.52,110853.03,55426.515,103170.16,51585.08,39481.02,19740.51
109,17322.72,8661.36,100088.55,50044.275,98953.6,49476.8,40801.44,20400.72
110,21061.68,10530.84,128480.93,64240.465,115149.92,57574.96,46324.14,23162.07
111,21379.6,10689.8,133145.52,66572.76,115302.88,57651.44,45585.6,22792.8
112,22069.84,11034.92,133090.54,66545.27,113711.76,56855.88,45807.78,22903.89
113,21799.2,10899.6,131869.92,65934.96,114673.84,57336.92,46046.7,23023.35
114,21382.32,10691.16,131076.07,65538.035,113530.72,56765.36,45161.64,22580.82
115,18592.08,9296.04,112570.93,56285.465,101333.36,50666.68,39890.64,19945.32
116,20304.56,10152.28,101404.11,50702.055,96509.76,48254.88,39986.16,19993.08
117,17557.28,8778.64,133072.91,66536.455,115205.6,57602.8,46037.94,23018.97
118,21936.4,10968.2,134452.29,67226.145,119893.68,59946.84,45268.86,22634.43
119,22007.84,11003.92,134743.93,67371.965,121391.12,60695.56,46132.44,23066.22
120,21823.28,10911.64,133276.5,66638.25,120812.4,60406.2,46503.9,23251.95
121,21524.4,10762.2,102282.08,51141.04,103051.04,51525.52,46359.72,23179.86
122,19227.2,9613.6,105460.24,52730.12,104132.4,52066.2,41470.2,20735.1
123,17159.28,8579.64,103510.27,51755.135,97471.2,48735.6,38668.32,19334.16
124,21685.68,10842.84,130226.1,65113.05,112932.32,56466.16,39144.9,19572.45
125,19241.76,9620.88,137926.92,68963.46,112951.04,56475.52,44247,22123.5
126,21213.84,10606.92,136966.19,68483.095,114001.28,57000.64,45369.42,22684.71
127,21688.96,10844.48,137815.99,68907.995,115026.64,57513.32,46492.2,23246.1
128,21216.72,10608.36,132316.51,66158.255,101925.36,50962.68,46824.72,23412.36
129,19034.72,9517.36,114188.06,57094.03,97164.8,48582.4,39860.22,19930.11
130,16867.36,8433.68,104360.06,52180.03,92243.44,46121.72,38049.9,19024.95
131,21189.28,10594.64,133384.81,66692.405,108569.36,54284.68,42357.06,21178.53
132,22011.68,11005.84,136131.27,68065.635,110804.4,55402.2,42666.06,21333.03
133,21434,10717,135938.86,67969.43,110972.56,55486.28,44580.36,22290.18
134,16921.44,8460.72,104561.18,52280.59,97045.36,48522.68,47265.9,23632.95
135,18835.04,9417.52,117300.6,58650.3,104307.28,52153.64,44339.4,22169.7
136,17931.12,8965.56,110508.53,55254.265,99969.44,49984.72,36731.82,18365.91
137,16640.56,8320.28,103297.96,51648.98,93821.2,46910.6,36925.32,18462.66
138,21505.68,10752.84,131647.51,65823.755,110507.92,55253.96,44735.04,22367.52
139,21591.76,10795.88,137230.06,68615.03,114637.92,57318.96,44926.92,22463.46
140,21122.24,10561.12,134464.93,67232.465,117007.2,58503.6,45148.92,22574.46
141,21043.76,10521.88,133406.89,66703.445,117137.76,58568.88,43941.18,21970.59
142,20938.48,10469.24,130842.04,65421.02,114465.2,57232.6,43993.68,21996.84
143,17950.32,8975.16,110067.14,55033.57,100631.84,50315.92,38506.86,19253.43
144,15486,7743,94000.47,47000.235,92347.2,46173.6,36502.2,18251.1
145,16730.8,8365.4,97121.17,48560.585,95662,47831,38476.56,19238.28
146,21070.56,10535.28,127538.93,63769.465,111444.08,55722.04,42400.14,21200.07
147,21471.2,10735.6,131964.14,65982.07,113116.8,56558.4,42669.96,21334.98
148,21659.12,10829.56,134046.45,67023.225,112677.6,56338.8,41301.84,20650.92
149,21222.96,10611.48,131564.4,65782.2,111692.8,55846.4,43060.5,21530.25
150,17768.64,8884.32,113888.88,56944.44,98271.2,49135.6,37630.08,18815.04
151,17113.6,8556.8,101775.73,50887.865,92637.2,46318.6,36752.88,18376.44
152,20844.24,10422.12,128406.96,64203.48,110287.12,55143.56,42711.06,21355.53
153,21782.56,10891.28,136721.12,68360.56,112698.16,56349.08,43058.16,21529.08
154,22520.8,11260.4,133992.61,66996.305,113586.88,56793.44,43388.1,21694.05
155,21365.52,10682.76,110401.75,55200.875,114488.24,57244.12,43257.3,21628.65
156,21905.44,10952.72,121248.06,60624.03,113804,56902,42427.32,21213.66
157,17885.6,8942.8,110733.57,55366.785,99033.12,49516.56,34524.9,17262.45
158,16629.68,8314.84,98856.59,49428.295,91732.24,45866.12,34494.72,17247.36
159,20517.36,10258.68,128826.38,64413.19,109038.32,54519.16,42682.26,21341.13
160,21927.52,10963.76,133395.93,66697.965,111268.4,55634.2,43597.86,21798.93
161,21261.2,10630.6,133571.3,66785.65,111712,55856,43090.26,21545.13
162,21843.04,10921.52,133851.82,66925.91,113179.2,56589.6,42553.74,21276.87
163,24802.88,12401.44,132818.86,66409.43,111261.76,55630.88,43636.26,21818.13
164,18462.8,9231.4,113033.92,56516.96,97137.92,48568.96,39808.68,19904.34
165,17078.08,8539.04,100441.38,50220.69,90702.88,45351.44,37742.52,18871.26
166,20410.64,10205.32,128206.25,64103.125,107968.72,53984.36,42882.12,21441.06
167,21720.16,10860.08,131719.87,65859.935,110712.96,55356.48,42974.52,21487.26
168,21753.12,10876.56,132720.23,66360.115,110557.28,55278.64,43169.4,21584.7
169,21869.44,10934.72,134471.84,67235.92,111593.68,55796.84,41873.16,20936.58
170,20970.48,10485.24,132894.73,66447.365,108925.84,54462.92,42066.42,21033.21
171,17637.68,8818.84,110224.05,55112.025,96598.16,48299.08,39019.02,19509.51
172,17114.88,8557.44,100907.85,50453.925,90418.24,45209.12,35102.16,17551.08
173,23251.2,11625.6,129742.56,64871.28,109311.28,54655.64,42595.02,21297.51
174,21697.2,10848.6,133131.09,66565.545,111283.68,55641.84,43482,21741
175,21229.12,10614.56,135123.5,67561.75,112309.2,56154.6,43420.5,21710.25
176,21646.88,10823.44,133352.57,66676.285,112914,56457,43858.2,21929.1
177,22005.52,11002.76,131466.91,65733.455,112642.32,56321.16,43333.2,21666.6
178,17839.44,8919.72,112362.44,56181.22,98626.8,49313.4,36669.54,18334.77
179,16591.28,8295.64,99238.97,49619.485,93363.92,46681.96,36082.32,18041.16
180,21388.32,10694.16,129808.97,64904.485,112068.16,56034.08,42686.34,21343.17
181,22035.6,11017.8,132173.16,66086.58,116726.88,58363.44,43214.1,21607.05
182,23039.28,11519.64,136136.05,68068.025,117989.76,58994.88,45270.12,22635.06
183,23987.76,11993.88,141004.51,70502.255,118930,59465,45370.32,22685.16
184,22866.72,11433.36,137580.93,68790.465,118398.48,59199.24,41932.98,20966.49
185,20073.36,10036.68,116995.99,58497.995,105955.84,52977.92,36793.8,18396.9
186,17754.64,8877.32,106584.1,53292.05,96936.08,48468.04,36629.1,18314.55
187,21754.64,10877.32,136228.68,68114.34,114815.12,57407.56,42241.56,21120.78
188,22133.68,11066.84,138789,69394.5,117654.32,58827.16,41487.78,20743.89
189,21640.16,10820.08,139543.79,69771.895,113731.6,56865.8,42652.14,21326.07
190,21359.6,10679.8,138590.24,69295.12,113388.8,56694.4,42114.24,21057.12
191,20508.8,10254.4,133297.46,66648.73,113180.32,56590.16,41566.08,20783.04
192,18116.16,9058.08,112842.84,56421.42,100775.2,50387.6,36148.98,18074.49
193,17276.4,8638.2,103854.25,51927.125,93274.8,46637.4,36064.44,18032.22
194,21172.88,10586.44,133479.75,66739.875,104492.32,52246.16,44495.22,22247.61
195,21399.28,10699.64,136565.39,68282.695,99779.28,49889.64,45037.68,22518.84
196,21512.08,10756.04,136541.36,68270.68,113665.44,56832.72,43756.02,21878.01
197,21347.76,10673.88,137027.69,68513.845,116766.96,58383.48,43096.8,21548.4
198,21293.76,10646.88,135331.89,67665.945,115400.4,57700.2,40422.78,20211.39
199,17529.52,8764.76,112492.7,56246.35,101353.2,50676.6,34769.76,17384.88
200,17028.48,8514.24,102371.39,51185.695,92464.56,46232.28,34866.18,17433.09
201,21185.36,10592.68,131596.94,65798.47,110409.52,55204.76,42807.06,21403.53
202,20582.24,10291.12,138625.75,69312.875,113489.52,56744.76,41764.68,20882.34
203,21315.6,10657.8,137726.74,68863.37,113694.96,56847.48,43260.54,21630.27
204,20530.96,10265.48,134964.52,67482.26,112513.28,56256.64,42295.26,21147.63
205,20603.6,10301.8,132890.69,66445.345,111064.8,55532.4,43912.32,21956.16
206,18010.24,9005.12,115109.86,57554.93,96212.16,48106.08,35993.04,17996.52
207,15603.12,7801.56,103751.14,51875.57,90553.28,45276.64,36897.06,18448.53
208,19966,9983,130774.71,65387.355,104239.92,52119.96,41653.32,20826.66
209,19888,9944,134913.18,67456.59,106678.32,53339.16,41868.48,20934.24
210,19772.64,9886.32,135732.44,67866.22,106712.48,53356.24,41815.68,20907.84
211,19747.36,9873.68,136776.81,68388.405,105578.8,52789.4,41600.16,20800.08
212,18743.92,9371.96,129382.77,64691.385,103599.2,51799.6,40077.6,20038.8
213,16659.2,8329.6,111069.98,55534.99,92623.68,46311.84,35766.3,17883.15
214,15508.32,7754.16,99403.16,49701.58,87606.08,43803.04,34626.36,17313.18
215,19943.92,9971.96,128416.24,64208.12,101667.76,50833.88,40082.34,20041.17
216,20151.68,10075.84,132305.72,66152.86,102277.28,51138.64,39588.24,19794.12
217,20247.52,10123.76,130763.33,65381.665,103138.48,51569.24,41895.72,20947.86
218,20401.84,10200.92,133324.05,66662.025,104815.92,52407.96,41508.12,20754.06
219,20022.64,10011.32,131501.15,65750.575,104299.76,52149.88,41473.2,20736.6
220,17125.12,8562.56,115767.26,57883.63,94303.12,47151.56,35885.34,17942.67
221,16062.64,8031.32,103444.41,51722.205,86863.68,43431.84,35377.74,17688.87
222,20673.92,10336.96,130280.12,65140.06,97886.64,48943.32,42166.62,21083.31
223,21115.76,10557.88,135299.86,67649.93,101164.8,50582.4,43298.4,21649.2
224,20944.08,10472.04,135189.98,67594.99,101900.4,50950.2,43037.94,21518.97
225,20983.52,10491.76,137293.69,68646.845,101091.04,50545.52,44493.78,22246.89
226,21354.32,10677.16,135623.77,67811.885,99121.6,49560.8,44554.26,22277.13
227,18645.92,9322.96,113650.24,56825.12,87015.28,43507.64,36820.08,18410.04
228,16739.2,8369.6,104269.05,52134.525,84105.04,42052.52,36864,18432
229,21440.48,10720.24,130513.04,65256.52,96376.8,48188.4,42476.4,21238.2
230,21472.48,10736.24,132099.08,66049.54,99681.68,49840.84,43675.62,21837.81
231,21001.36,10500.68,131052.53,65526.265,100883.76,50441.88,43830.24,21915.12
232,21319.44,10659.72,131602.54,65801.27,102349.44,51174.72,44174.4,22087.2
233,21205.76,10602.88,130009.46,65004.73,103174.56,51587.28,42713.46,21356.73
234,18060.8,9030.4,112096.02,56048.01,93138.88,46569.44,38518.26,19259.13
235,17251.12,8625.56,104688.08,52344.04,86291.2,43145.6,36247.8,18123.9
236,21917.92,10958.96,134377.29,67188.645,102437.68,51218.84,44366.7,22183.35
237,21615.36,10807.68,142642.07,71321.035,105165.92,52582.96,43457.76,21728.88
238,22396.24,11198.12,141497.17,70748.585,107356.4,53678.2,42748.62,21374.31
239,22209.36,11104.68,138182.71,69091.355,108835.04,54417.52,42121.5,21060.75
240,21404.8,10702.4,134162.03,67081.015,106463.28,53231.64,40777.68,20388.84
241,19345.28,9672.64,113917.06,56958.53,95565.04,47782.52,37002.72,18501.36
242,17758.56,8879.28,103920.87,51960.435,91987.36,45993.68,37298.1,18649.05
243,25677.52,12838.76,136747.73,68373.865,110412.72,55206.36,39660.18,19830.09
244,22488.48,11244.24,140437.39,70218.695,111228.4,55614.2,43385.22,21692.61
245,21842.88,10921.44,138222.22,69111.11,110425.44,55212.72,43988.82,21994.41
246,26273.44,13136.72,137522.41,68761.205,110757.36,55378.68,44452.92,22226.46
247,21608.88,10804.44,135908.88,67954.44,109375.68,54687.84,43571.52,21785.76
248,18969.04,9484.52,119312.02,59656.01,96784.88,48392.44,38524.86,19262.43
249,17250.96,8625.48,110636.89,55318.445,91148,45574,36816.36,18408.18
250,22683.76,11341.88,135954.27,67977.135,109150.8,54575.4,44346.6,22173.3
251,22812.96,11406.48,138587.56,69293.78,111778.8,55889.4,45845.4,22922.7
252,21183.28,10591.64,137804.5,68902.25,111898.32,55949.16,45212.64,22606.32
253,21193.68,10596.84,137802.82,68901.41,111592.8,55796.4,43166.64,21583.32
254,20848.4,10424.2,137798.22,68899.11,110570.88,55285.44,42268.08,21134.04
255,18321.68,9160.84,117809.68,58904.84,97773.68,48886.84,37913.64,18956.82
256,17780.08,8890.04,107907.82,53953.91,92020,46010,38310.6,19155.3
257,22004.32,11002.16,139022.89,69511.445,107613.84,53806.92,45297.18,22648.59
258,21721.6,10860.8,144407.65,72203.825,111401.12,55700.56,46062,23031
259,22736.88,11368.44,143393.1,71696.55,113592.48,56796.24,46886.82,23443.41
260,22380.08,11190.04,145609.19,72804.595,112992.48,56496.24,45784.62,22892.31
261,21831.76,10915.88,138641.27,69320.635,110598.16,55299.08,45472.92,22736.46
262,19712.8,9856.4,116567.43,58283.715,98236.96,49118.48,39752.28,19876.14
263,19222,9611,106495.06,53247.53,92665.44,46332.72,39132.54,19566.27
264,23153.68,11576.84,133007.63,66503.815,109691.76,54845.88,46066.5,23033.25
265,23564.08,11782.04,135136.38,67568.19,113103.2,56551.6,46230.3,23115.15
266,24251.04,12125.52,137356.64,68678.32,114656.88,57328.44,45423.54,22711.77
267,22834.56,11417.28,139992.09,69996.045,115167.92,57583.96,43836.96,21918.48
268,22024.24,11012.12,137498.16,68749.08,113438.08,56719.04,44111.46,22055.73
269,18525.2,9262.6,116061.36,58030.68,100252.8,50126.4,40077.9,20038.95
270,17545.76,8772.88,104548.43,52274.215,94267.76,47133.88,38735.34,19367.67
271,21936.08,10968.04,135553.27,67776.635,111619.36,55809.68,44598.54,22299.27
272,21886.56,10943.28,140178.58,70089.29,114490.4,57245.2,45274.44,22637.22
273,21950.96,10975.48,139681.24,69840.62,115021.52,57510.76,45050.1,22525.05
274,21749.6,10874.8,139217.58,69608.79,115988.48,57994.24,45821.7,22910.85
275,22149.84,11074.92,133722.95,66861.475,116082.56,58041.28,45153.48,22576.74
276,18882.88,9441.44,107422.67,53711.335,103768.64,51884.32,41981.82,20990.91
277,17736.08,8868.04,104614.83,52307.415,98212.32,49106.16,40147.68,20073.84
278,22214.24,11107.12,135564.61,67782.305,114912.96,57456.48,46675.98,23337.99
279,23091.52,11545.76,143272,71636,115167.28,57583.64,47803.86,23901.93
280,23164.96,11582.48,142240.05,71120.025,115769.36,57884.68,47416.44,23708.22
281,23039.52,11519.76,139373.13,69686.565,117864,58932,47851.2,23925.6
282,22471.6,11235.8,136541.42,68270.71,117054.8,58527.4,46901.46,23450.73
283,19306.48,9653.24,115830.29,57915.145,105149.68,52574.84,42518.7,21259.35
284,17592.72,8796.36,106554.98,53277.49,99617.68,49808.84,40724.94,20362.47
285,25679.12,12839.56,137044.72,68522.36,119461.28,59730.64,47324.1,23662.05
286,22991.36,11495.68,142451.46,71225.73,125460.8,62730.4,49148.94,24574.47
287,25104.72,12552.36,144659.57,72329.785,132225.6,66112.8,49166.58,24583.29
288,23719.28,11859.64,144635.4,72317.7,137540.08,68770.04,50430.54,25215.27
289,23793.52,11896.76,141094.04,70547.02,138376.08,69188.04,49596.66,24798.33
290,20132.88,10066.44,118737.43,59368.715,121986.24,60993.12,44199.78,22099.89
291,18951.28,9475.64,108729.35,54364.675,113716.64,56858.32,43729.02,21864.51
292,23075.92,11537.96,138637.41,69318.705,130333.12,65166.56,50194.14,25097.07
293,23273.68,11636.84,141522.29,70761.145,132690,66345,49181.82,24590.91
294,22971.76,11485.88,142026.76,71013.38,134199.2,67099.6,49062.12,24531.06
295,23514,11757,144586.88,72293.44,132806.48,66403.24,47523.66,23761.83
296,22470.64,11235.32,137937.57,68968.785,128784.16,64392.08,48736.02,24368.01
297,19640.72,9820.36,119242.62,59621.31,114738.48,57369.24,43188.84,21594.42
298,19328.96,9664.48,109227.71,54613.855,107529.44,53764.72,43111.98,21555.99
299,22772,11386,138455.73,69227.865,123823.76,61911.88,48814.5,24407.25
300,22870.72,11435.36,144127.12,72063.56,125042,62521,50242.56,25121.28
301,23410.32,11705.16,145102.54,72551.27,125766.72,62883.36,50371.62,25185.81
302,23143.76,11571.88,143271.26,71635.63,126571.92,63285.96,49703.64,24851.82
303,24396.32,12198.16,141110.43,70555.215,123569.04,61784.52,49139.82,24569.91
304,19737.36,9868.68,118826.98,59413.49,110316.56,55158.28,43375.5,21687.75
305,18722.96,9361.48,105133.16,52566.58,105572,52786,43795.98,21897.99
306,22604.96,11302.48,139456.74,69728.37,125718.08,62859.04,51153.18,25576.59
307,23439.6,11719.8,144696.55,72348.275,128683.2,64341.6,52579.5,26289.75
308,23273.12,11636.56,144680.78,72340.39,126541.6,63270.8,52222.26,26111.13
309,24401.92,12200.96,143398.88,71699.44,124911.36,62455.68,51357.6,25678.8
310,23328.24,11664.12,142952.54,71476.27,121546.72,60773.36,49267.8,24633.9
311,20254.64,10127.32,123894.22,61947.11,106379.44,53189.72,43826.16,21913.08
312,18938.8,9469.4,112439.41,56219.705,101034.72,50517.36,42651.9,21325.95
313,23020.8,11510.4,145785.61,72892.805,117020.48,58510.24,47914.02,23957.01
314,23644.64,11822.32,151381.67,75690.835,122142.56,61071.28,48086.22,24043.11
315,24044.24,12022.12,149832.31,74916.155,111211.44,55605.72,48604.98,24302.49
316,23766.16,11883.08,149844.45,74922.225,125390.48,62695.24,48193.56,24096.78
317,23529.52,11764.76,149240.94,74620.47,126741.6,63370.8,47531.52,23765.76
318,20754.56,10377.28,129163.64,64581.82,117368.96,58684.48,45680.46,22840.23
319,19766.4,9883.2,119047.06,59523.53,109432.16,54716.08,42206.28,21103.14
320,24239.2,12119.6,148097.06,74048.53,127155.92,63577.96,48178.98,24089.49
321,24322,12161,151936.83,75968.415,128386.4,64193.2,50746.44,25373.22
322,24107.36,12053.68,153466.22,76733.11,125781.84,62890.92,49251.72,24625.86
323,23935.36,11967.68,156489.02,78244.51,127050.32,63525.16,50875.32,25437.66
324,24091.84,12045.92,148741.85,74370.925,129242.64,64621.32,50898,25449
325,21276.88,10638.44,127276.39,63638.195,125391.04,62695.52,47769.42,23884.71
326,19502.32,9751.16,118349.05,59174.525,128820.4,64410.2,49692.06,24846.03
327,24194.8,12097.4,148328.94,74164.47,151563.84,75781.92,55694.28,27847.14
328,25296.8,12648.4,157130.79,78565.395,159014,79507,54542.52,27271.26
329,24817.12,12408.56,155402.13,77701.065,151653.92,75826.96,53877.72,26938.86
330,24589.52,12294.76,152815.97,76407.985,149888.64,74944.32,54158.76,27079.38
331,24588.24,12294.12,150850.97,75425.485,151779.2,75889.6,50649.78,25324.89
332,21460.88,10730.44,132567.05,66283.525,138266.64,69133.32,46812.84,23406.42
333,19790.24,9895.12,125456.24,62728.12,129229.2,64614.6,45617.1,22808.55
334,24686.24,12343.12,153485.86,76742.93,141261.68,70630.84,54094.26,27047.13
335,24578.8,12289.4,154156.66,77078.33,142294,71147,53010.84,26505.42
336,24625.2,12312.6,153058.51,76529.255,145072.24,72536.12,51726.96,25863.48
337,24610,12305,150666.3,75333.15,148100,74050,53000.04,26500.02
338,23729.76,11864.88,152147.36,76073.68,144619.28,72309.64,50121.12,25060.56
339,21198.48,10599.24,131681.96,65840.98,133879.52,66939.76,45734.22,22867.11
340,19758.8,9879.4,121690.36,60845.18,124135.28,62067.64,45439.8,22719.9
341,25272.96,12636.48,147337.56,73668.78,138092.48,69046.24,51178.38,25589.19
342,24157.36,12078.68,152739.26,76369.63,142668.88,71334.44,50619.54,25309.77
343,24711.44,12355.72,153053.35,76526.675,145087.12,72543.56,51896.16,25948.08
344,25237.84,12618.92,155573.48,77786.74,153318.16,76659.08,52763.7,26381.85
345,25274.16,12637.08,154970.08,77485.04,151151.2,75575.6,52429.56,26214.78
346,21424.64,10712.32,129237.85,64618.925,134299.2,67149.6,49642.08,24821.04
347,19927.52,9963.76,119268.15,59634.075,132369.76,66184.88,49892.52,24946.26
348,24219.2,12109.6,147463.37,73731.685,149056.08,74528.04,55187.1,27593.55
349,24509.84,12254.92,148994.8,74497.4,147775.84,73887.92,54321,27160.5
350,25144.24,12572.12,149921.17,74960.585,141855.36,70927.68,51620.64,25810.32
351,24521.68,12260.84,145019.16,72509.58,137395.2,68697.6,50299.02,25149.51
352,24201.52,12100.76,138979.77,69489.885,134753.52,67376.76,49222.86,24611.43
353,21295.84,10647.92,119109.65,59554.825,121808.8,60904.4,43082.04,21541.02
354,19755.92,9877.96,109984.32,54992.16,116616.56,58308.28,41840.76,20920.38
355,23921.84,11960.92,131931.58,65965.79,130096.88,65048.44,49236.78,24618.39
356,24873.84,12436.92,131696.13,65848.065,130669.76,65334.88,48069.96,24034.98
357,23121.92,11560.96,124868.37,62434.185,129331.52,64665.76,46236.36,23118.18
358,21854.32,10927.16,106334.49,53167.245,122025.52,61012.76,43556.28,21778.14
359,18745.12,9372.56,98238.57,49119.285,108419.44,54209.72,40553.22,20276.61
360,18556.8,9278.4,99257.24,49628.62,113440.48,56720.24,37441.44,18720.72
361,19169.04,9584.52,102160.52,51080.26,114041.36,57020.68,41159.1,20579.55
362,24890.4,12445.2,114896.71,57448.355,126591.6,63295.8,40676.16,20338.08
363,22533.28,11266.64,116072.41,58036.205,127835.36,63917.68,42180,21090
364,22398.8,11199.4,115970.58,57985.29,129457.36,64728.68,44008.14,22004.07
365,20601.12,10300.56,109663.1,54831.55,126350,63175,43614.84,21807.42
